"from","to"
"12","27"
"12","943"
"12","1244"
"15","194"
"15","474"
"15","516"
"15","606"
"15","1188"
"15","1211"
"18","255"
"27","12"
"27","417"
"27","900"
"30","1038"
"30","1395"
"36","552"
"83","558"
"83","1171"
"129","255"
"129","277"
"129","1329"
"133","536"
"133","619"
"133","1183"
"133","1287"
"133","1291"
"135","390"
"135","430"
"135","943"
"135","1287"
"135","1291"
"165","470"
"165","684"
"194","15"
"194","277"
"194","516"
"194","606"
"255","18"
"255","129"
"255","583"
"255","1239"
"255","1291"
"257","552"
"257","1038"
"257","1329"
"277","129"
"277","194"
"277","1229"
"278","516"
"278","1038"
"278","1186"
"278","1187"
"280","951"
"280","1214"
"361","1254"
"388","394"
"388","510"
"388","1260"
"390","135"
"390","394"
"390","457"
"390","536"
"390","1226"
"390","1387"
"393","951"
"394","388"
"394","390"
"394","457"
"394","619"
"394","1183"
"394","1226"
"394","1287"
"417","27"
"417","474"
"417","535"
"417","1186"
"417","1210"
"430","135"
"444","516"
"444","1188"
"457","390"
"457","394"
"457","1226"
"457","1287"
"457","1291"
"457","1387"
"460","474"
"460","594"
"460","1210"
"460","1232"
"470","165"
"470","535"
"470","542"
"470","960"
"470","1186"
"470","1211"
"474","15"
"474","417"
"474","460"
"474","594"
"474","850"
"474","1183"
"474","1232"
"499","535"
"499","567"
"499","1171"
"499","1187"
"499","1188"
"499","1211"
"499","1212"
"499","1220"
"499","1229"
"510","388"
"510","542"
"510","567"
"510","1188"
"510","1229"
"516","15"
"516","194"
"516","278"
"516","444"
"516","558"
"516","606"
"516","1220"
"535","417"
"535","470"
"535","499"
"535","542"
"535","960"
"535","1171"
"535","1186"
"535","1187"
"535","1210"
"535","1212"
"536","133"
"536","390"
"536","619"
"536","900"
"536","1287"
"536","1387"
"542","470"
"542","510"
"542","535"
"542","594"
"542","850"
"542","951"
"542","1186"
"542","1210"
"542","1212"
"552","36"
"552","257"
"552","1242"
"558","83"
"558","516"
"558","951"
"558","1171"
"558","1213"
"567","499"
"567","510"
"567","960"
"567","1188"
"567","1229"
"567","1287"
"583","255"
"583","1254"
"583","1260"
"594","460"
"594","474"
"594","542"
"594","1186"
"594","1210"
"594","1232"
"606","15"
"606","194"
"606","516"
"606","1212"
"606","1239"
"619","133"
"619","394"
"619","536"
"619","1212"
"684","165"
"850","474"
"850","542"
"900","27"
"900","536"
"900","1000"
"900","1183"
"900","1211"
"900","1226"
"900","1287"
"900","1291"
"900","1387"
"943","12"
"943","135"
"951","280"
"951","393"
"951","542"
"951","558"
"951","1214"
"960","470"
"960","535"
"960","567"
"960","1188"
"960","1211"
"960","1229"
"1000","900"
"1000","1213"
"1000","1226"
"1000","1287"
"1038","30"
"1038","257"
"1038","278"
"1038","1239"
"1038","1395"
"1171","83"
"1171","499"
"1171","535"
"1171","558"
"1181","1188"
"1183","133"
"1183","394"
"1183","474"
"1183","900"
"1183","1242"
"1183","1291"
"1186","278"
"1186","417"
"1186","470"
"1186","535"
"1186","542"
"1186","594"
"1186","1187"
"1186","1211"
"1186","1229"
"1186","1387"
"1187","278"
"1187","499"
"1187","535"
"1187","1186"
"1187","1210"
"1187","1244"
"1188","15"
"1188","444"
"1188","499"
"1188","510"
"1188","567"
"1188","960"
"1188","1181"
"1188","1211"
"1188","1229"
"1188","1232"
"1210","417"
"1210","460"
"1210","535"
"1210","542"
"1210","594"
"1210","1187"
"1210","1211"
"1210","1229"
"1211","15"
"1211","470"
"1211","499"
"1211","900"
"1211","960"
"1211","1186"
"1211","1188"
"1211","1210"
"1211","1229"
"1212","499"
"1212","535"
"1212","542"
"1212","606"
"1212","619"
"1212","1220"
"1212","1229"
"1213","558"
"1213","1000"
"1213","1216"
"1213","1220"
"1213","1329"
"1214","280"
"1214","951"
"1216","1213"
"1216","1220"
"1220","499"
"1220","516"
"1220","1212"
"1220","1213"
"1220","1216"
"1226","390"
"1226","394"
"1226","457"
"1226","900"
"1226","1000"
"1226","1291"
"1229","277"
"1229","499"
"1229","510"
"1229","567"
"1229","960"
"1229","1186"
"1229","1188"
"1229","1210"
"1229","1211"
"1229","1212"
"1232","460"
"1232","474"
"1232","594"
"1232","1188"
"1239","255"
"1239","606"
"1239","1038"
"1242","552"
"1242","1183"
"1244","12"
"1244","1187"
"1254","361"
"1254","583"
"1260","388"
"1260","583"
"1287","133"
"1287","135"
"1287","394"
"1287","457"
"1287","536"
"1287","567"
"1287","900"
"1287","1000"
"1287","1291"
"1287","1387"
"1291","133"
"1291","135"
"1291","255"
"1291","457"
"1291","900"
"1291","1183"
"1291","1226"
"1291","1287"
"1329","129"
"1329","257"
"1329","1213"
"1387","390"
"1387","457"
"1387","536"
"1387","900"
"1387","1186"
"1387","1287"
"1395","30"
"1395","1038"
