"","window","label","parent","node","branch.length","end_dpi","mut","site","num_branches","end_tissue","origin_dpi","origin_tissue","min_win"
"1",30,"022D03OR04","482","274","0.05306",21.8999999999801,"A460G",460,510,"CD14",3.64999999999668,"CD14",30
"9",30,"022D03OR23","497","295","0.02237",21.8999999999801,"T129C",129,510,"CD14",14.5999999999867,"CD14",30
"15",30,"022D03PR04","367","68","0.05553",21.8999999999801,"T684C",684,510,"plasma",0,"plasma",30
"17",30,"022D03PR06","464","245","0.05292",21.8999999999801,"T255C",255,510,"plasma",3.64999999999668,"plasma",30
"27",30,"022D03PR06","464","245","0.05292",21.8999999999801,"G1329A",1329,510,"plasma",3.64999999999668,"plasma",30
"33",30,"022D03PR06","464","245","0.05292",21.8999999999801,"C1220A",1220,510,"plasma",3.64999999999668,"plasma",30
"43",30,"022D03PR08","506","306","0.05298",21.8999999999801,"G583A",583,510,"plasma",3.64999999999668,"lymph_node",30
"49",30,"022D03PR08","506","306","0.05298",21.8999999999801,"A606G",606,510,"plasma",3.64999999999668,"lymph_node",30
"59",30,"022D03PR08","506","306","0.05298",21.8999999999801,"G1171A",1171,510,"plasma",3.64999999999668,"lymph_node",30
"67",30,"022D03PR08","506","306","0.05298",21.8999999999801,"G1183A",1183,510,"plasma",3.64999999999668,"lymph_node",30
"79",30,"022D03PR08","506","306","0.05298",21.8999999999801,"T684C",684,510,"plasma",3.64999999999668,"lymph_node",30
"81",30,"022D03PR17","367","69","0.05553",21.8999999999801,"G1183A",1183,510,"plasma",0,"plasma",30
"93",30,"022D03PR19","487","283","0.0516",21.8999999999801,"C684T",684,510,"plasma",3.64999999999668,"plasma",30
"95",30,"022D03PR19","487","283","0.0516",21.8999999999801,"G1181A",1181,510,"plasma",3.64999999999668,"plasma",30
"97",30,"022D03PR19","487","283","0.0516",21.8999999999801,"G1387A",1387,510,"plasma",3.64999999999668,"plasma",30
"109",30,"022D03PR23","485","279","0.06155",21.8999999999801,"C1395T",1395,510,"plasma",0,"plasma",30
"113",30,"061D03KR02","380","85","0.22064",62.0500000000266,"G606A",606,510,"CD3",-18.2499999999834,"CD3",30
"123",30,"061D03KR03","458","230","0.16151",62.0500000000266,"G12A",12,510,"CD3",3.64999999999668,"CD14",30
"129",30,"061D03KR03","458","230","0.16151",62.0500000000266,"C684T",684,510,"CD3",3.64999999999668,"CD14",30
"131",30,"061D03KR04","382","87","0.16282",62.0500000000266,"G594A",594,510,"CD3",0,"CD3",30
"143",30,"061D03KR04","382","87","0.16282",62.0500000000266,"A535G",535,510,"CD3",0,"CD3",30
"163",30,"061D03KR07","431","167","0.20474",62.0500000000266,"C36T",36,510,"CD3",-14.5999999999867,"plasma",30
"165",30,"061D03KR07","431","167","0.20474",62.0500000000266,"C558T",558,510,"CD3",-14.5999999999867,"plasma",30
"175",30,"061D03KR07","431","167","0.20474",62.0500000000266,"C1213G",1213,510,"CD3",-14.5999999999867,"plasma",30
"185",30,"061D03KR07","431","167","0.20474",62.0500000000266,"T255C",255,510,"CD3",-14.5999999999867,"plasma",30
"195",30,"061D03KR07","431","167","0.20474",62.0500000000266,"T1242C",1242,510,"CD3",-14.5999999999867,"plasma",30
"199",30,"061D03KR07","431","167","0.20474",62.0500000000266,"A1216G",1216,510,"CD3",-14.5999999999867,"plasma",30
"203",30,"061D03KR09","481","273","0.16233",62.0500000000266,"C444T",444,510,"CD3",0,"plasma",30
"207",30,"061D03KR09","481","273","0.16233",62.0500000000266,"A516G",516,510,"CD3",0,"plasma",30
"221",30,"061D03KR10","391","102","0.16152",62.0500000000266,"T165C",165,510,"CD3",3.64999999999668,"CD3",30
"225",30,"061D03KR10","391","102","0.16152",62.0500000000266,"T552C",552,510,"CD3",3.64999999999668,"CD3",30
"231",30,"061D03KR10","391","102","0.16152",62.0500000000266,"T1242C",1242,510,"CD3",3.64999999999668,"CD3",30
"235",30,"061D03KR10","391","102","0.16152",62.0500000000266,"C36T",36,510,"CD3",3.64999999999668,"CD3",30
"237",30,"061D03KR11","366","67","0.30121",62.0500000000266,"C444T",444,510,"CD3",-47.4500000000398,"plasma",30
"241",30,"061D03KR11","366","67","0.30121",62.0500000000266,"T18C",18,510,"CD3",-47.4500000000398,"plasma",30
"243",30,"061D03KR12","439","182","0.15598",62.0500000000266,"G951T",951,510,"CD3",3.64999999999668,"brain_parietal",30
"253",30,"061D03KR12","439","182","0.15598",62.0500000000266,"C960T",960,510,"CD3",3.64999999999668,"brain_parietal",30
"265",30,"061D03KR12","439","182","0.15598",62.0500000000266,"T1242C",1242,510,"CD3",3.64999999999668,"brain_parietal",30
"269",30,"061D03OR01","450","207","0.1587",62.0500000000266,"C36T",36,510,"CD14",3.64999999999668,"CD14",30
"271",30,"061D03OR02","436","179","0.1673",62.0500000000266,"T552C",552,510,"CD14",0,"brain_parietal",30
"277",30,"061D03OR02","436","179","0.1673",62.0500000000266,"T1242C",1242,510,"CD14",0,"brain_parietal",30
"281",30,"061D03OR02","436","179","0.1673",62.0500000000266,"T18C",18,510,"CD14",0,"brain_parietal",30
"283",30,"061D03OR04","402","123","0.22979",62.0500000000266,"G388A",388,510,"CD14",-21.8999999999801,"plasma",30
"289",30,"061D03OR04","402","123","0.22979",62.0500000000266,"T552C",552,510,"CD14",-21.8999999999801,"plasma",30
"295",30,"061D03OR04","402","123","0.22979",62.0500000000266,"G12A",12,510,"CD14",-21.8999999999801,"plasma",30
"301",30,"061D03OR05","408","129","0.16206",62.0500000000266,"G12A",12,510,"CD14",3.64999999999668,"plasma",30
"307",30,"061D03OR05","408","129","0.16206",62.0500000000266,"C1242T",1242,510,"CD14",3.64999999999668,"plasma",30
"311",30,"061D03OR05","408","129","0.16206",62.0500000000266,"C1291T",1291,510,"CD14",3.64999999999668,"plasma",30
"327",30,"061D03OR05","408","129","0.16206",62.0500000000266,"G583A",583,510,"CD14",3.64999999999668,"plasma",30
"333",30,"061D03OR06","450","206","0.1587",62.0500000000266,"C558T",558,510,"CD14",3.64999999999668,"CD14",30
"343",30,"061D03OR06","450","206","0.1587",62.0500000000266,"C27T",27,510,"CD14",3.64999999999668,"CD14",30
"349",30,"061D03OR10","466","249","0.16099",62.0500000000266,"T30C",30,510,"CD14",3.64999999999668,"plasma",30
"353",30,"061D03OR10","466","249","0.16099",62.0500000000266,"A583G",583,510,"CD14",3.64999999999668,"plasma",30
"359",30,"061D03OR11","412","136","0.16173",62.0500000000266,"C36T",36,510,"CD14",3.64999999999668,"plasma",30
"361",30,"061D03OR11","412","136","0.16173",62.0500000000266,"G474A",474,510,"CD14",3.64999999999668,"plasma",30
"375",30,"061D03OR11","412","136","0.16173",62.0500000000266,"A516G",516,510,"CD14",3.64999999999668,"plasma",30
"389",30,"061D03OR17","493","290","0.15927",62.0500000000266,"A15G",15,510,"CD14",3.64999999999668,"CD14",30
"401",30,"061D03OR17","493","290","0.15927",62.0500000000266,"A516G",516,510,"CD14",3.64999999999668,"CD14",30
"415",30,"061D03OR19","423","151","0.15974",62.0500000000266,"A15G",15,510,"CD14",3.64999999999668,"brain_frontal",30
"427",30,"061D03OR19","423","151","0.15974",62.0500000000266,"T567C",567,510,"CD14",3.64999999999668,"brain_frontal",30
"439",30,"061D03OR19","423","151","0.15974",62.0500000000266,"G1171A",1171,510,"CD14",3.64999999999668,"brain_frontal",30
"447",30,"061D03OR19","423","151","0.15974",62.0500000000266,"T850C",850,510,"CD14",3.64999999999668,"brain_frontal",30
"451",30,"061D03OR20","416","141","0.16159",62.0500000000266,"C1213G",1213,510,"CD14",3.64999999999668,"plasma",30
"461",30,"061D03OR20","416","141","0.16159",62.0500000000266,"C1220A",1220,510,"CD14",3.64999999999668,"plasma",30
"471",30,"061D03OR21","424","153","0.16185",62.0500000000266,"C552T",552,510,"CD14",3.64999999999668,"brain_frontal",30
"477",30,"061D03OR21","424","153","0.16185",62.0500000000266,"G12A",12,510,"CD14",3.64999999999668,"brain_frontal",30
"483",30,"061D03OR22","458","229","0.16151",62.0500000000266,"G516A",516,510,"CD14",3.64999999999668,"CD14",30
"497",30,"061D03OR22","458","229","0.16151",62.0500000000266,"G583A",583,510,"CD14",3.64999999999668,"CD14",30
"503",30,"061D03OR22","458","229","0.16151",62.0500000000266,"G1181A",1181,510,"CD14",3.64999999999668,"CD14",30
"505",30,"061D03OR22","458","229","0.16151",62.0500000000266,"C278T",278,510,"CD14",3.64999999999668,"CD14",30
"513",30,"061D03OR27","443","188","0.16147",62.0500000000266,"G12A",12,510,"CD14",3.64999999999668,"CD14",30
"519",30,"061D03OR27","443","188","0.16147",62.0500000000266,"T165C",165,510,"CD14",3.64999999999668,"CD14",30
"523",30,"061D03OR27","443","188","0.16147",62.0500000000266,"A257G",257,510,"CD14",3.64999999999668,"CD14",30
"529",30,"061D03OR28","457","228","0.16829",62.0500000000266,"C444T",444,510,"CD14",0,"CD14",30
"533",30,"061D03OR30","425","159","0.16947",62.0500000000266,"C165T",165,510,"CD14",0,"brain_frontal",30
"537",30,"061D03OR30","425","159","0.16947",62.0500000000266,"T277A",277,510,"CD14",0,"brain_frontal",30
"543",30,"061D03OR30","425","159","0.16947",62.0500000000266,"G583A",583,510,"CD14",0,"brain_frontal",30
"549",30,"061D03OR30","425","159","0.16947",62.0500000000266,"A606G",606,510,"CD14",0,"brain_frontal",30
"559",30,"061D03OR30","425","159","0.16947",62.0500000000266,"T850C",850,510,"CD14",0,"brain_frontal",30
"563",30,"061D03OR30","425","159","0.16947",62.0500000000266,"C278T",278,510,"CD14",0,"brain_frontal",30
"571",30,"061D03OR31","444","189","0.15346",62.0500000000266,"C278T",278,510,"CD14",3.64999999999668,"CD14",30
"579",30,"061D03OR31","444","189","0.15346",62.0500000000266,"T850C",850,510,"CD14",3.64999999999668,"CD14",30
"583",30,"061D03OR31","444","189","0.15346",62.0500000000266,"C558T",558,510,"CD14",3.64999999999668,"CD14",30
"593",30,"061D03OR32","485","280","0.1684",62.0500000000266,"T18C",18,510,"CD14",0,"plasma",30
"595",30,"061D03OR32","485","280","0.1684",62.0500000000266,"T165C",165,510,"CD14",0,"plasma",30
"599",30,"061D03OR32","485","280","0.1684",62.0500000000266,"A388G",388,510,"CD14",0,"plasma",30
"605",30,"061D03OR33","474","263","0.16153",62.0500000000266,"A257G",257,510,"CD14",3.64999999999668,"plasma",30
"611",30,"061D03OR33","474","263","0.16153",62.0500000000266,"G606A",606,510,"CD14",3.64999999999668,"plasma",30
"621",30,"061D03OR35","377","81","0.13158",62.0500000000266,"T255C",255,510,"CD14",14.5999999999867,"BAL",30
"631",30,"061D03OR35","377","81","0.13158",62.0500000000266,"G516A",516,510,"CD14",14.5999999999867,"BAL",30
"645",30,"061D03OR35","377","81","0.13158",62.0500000000266,"C558T",558,510,"CD14",14.5999999999867,"BAL",30
"655",30,"061D03OR35","377","81","0.13158",62.0500000000266,"G583A",583,510,"CD14",14.5999999999867,"BAL",30
"661",30,"061D03OR35","377","81","0.13158",62.0500000000266,"A606G",606,510,"CD14",14.5999999999867,"BAL",30
"671",30,"061D03OR35","377","81","0.13158",62.0500000000266,"T18C",18,510,"CD14",14.5999999999867,"BAL",30
"673",30,"061D03PR04","428","161","0.12497",62.0500000000266,"C165T",165,510,"plasma",14.5999999999867,"plasma",30
"677",30,"061D03PR07","431","168","0.20474",62.0500000000266,"C27T",27,510,"plasma",-14.5999999999867,"plasma",30
"683",30,"061D03PR07","431","168","0.20474",62.0500000000266,"A606G",606,510,"plasma",-14.5999999999867,"plasma",30
"693",30,"061D03PR07","431","168","0.20474",62.0500000000266,"T850C",850,510,"plasma",-14.5999999999867,"plasma",30
"697",30,"061D03PR07","431","168","0.20474",62.0500000000266,"T1242C",1242,510,"plasma",-14.5999999999867,"plasma",30
"701",30,"061D03PR07","431","168","0.20474",62.0500000000266,"A194G",194,510,"plasma",-14.5999999999867,"plasma",30
"709",30,"061D03PR08","388","97","0.16179",62.0500000000266,"G393T",393,510,"plasma",3.64999999999668,"brain_temporal",30
"711",30,"061D03PR08","388","97","0.16179",62.0500000000266,"G1171A",1171,510,"plasma",3.64999999999668,"brain_temporal",30
"719",30,"061D03PR08","388","97","0.16179",62.0500000000266,"G1183A",1183,510,"plasma",3.64999999999668,"brain_temporal",30
"731",30,"061D03PR08","388","97","0.16179",62.0500000000266,"A516G",516,510,"plasma",3.64999999999668,"brain_temporal",30
"745",30,"061D03PR10","408","130","0.16206",62.0500000000266,"C27T",27,510,"plasma",3.64999999999668,"plasma",30
"751",30,"061D03PR10","408","130","0.16206",62.0500000000266,"G257A",257,510,"plasma",3.64999999999668,"plasma",30
"757",30,"061D03PR10","408","130","0.16206",62.0500000000266,"G430A",430,510,"plasma",3.64999999999668,"plasma",30
"759",30,"061D03PR10","408","130","0.16206",62.0500000000266,"T552C",552,510,"plasma",3.64999999999668,"plasma",30
"765",30,"061D03PR11","507","308","0.1492",62.0500000000266,"C255T",255,510,"plasma",7.29999999999336,"lymph_node",30
"775",30,"061D03PR11","507","308","0.1492",62.0500000000266,"C278T",278,510,"plasma",7.29999999999336,"lymph_node",30
"783",30,"061D03PR11","507","308","0.1492",62.0500000000266,"A606G",606,510,"plasma",7.29999999999336,"lymph_node",30
"793",30,"061D03PR11","507","308","0.1492",62.0500000000266,"G12A",12,510,"plasma",7.29999999999336,"lymph_node",30
"799",30,"061D03PR11","507","308","0.1492",62.0500000000266,"G1239A",1239,510,"plasma",7.29999999999336,"lymph_node",30
"805",30,"061D03PR12","411","134","0.16081",62.0500000000266,"G12A",12,510,"plasma",3.64999999999668,"plasma",30
"811",30,"061D03PR12","411","134","0.16081",62.0500000000266,"G430A",430,510,"plasma",3.64999999999668,"plasma",30
"813",30,"061D03PR15","428","162","0.12497",62.0500000000266,"C558T",558,510,"plasma",14.5999999999867,"plasma",30
"823",30,"061D03PR15","428","162","0.12497",62.0500000000266,"G583A",583,510,"plasma",14.5999999999867,"plasma",30
"829",30,"061D03PR15","428","162","0.12497",62.0500000000266,"A606G",606,510,"plasma",14.5999999999867,"plasma",30
"839",30,"061D03PR15","428","162","0.12497",62.0500000000266,"A430G",430,510,"plasma",14.5999999999867,"plasma",30
"841",30,"061D03PR15","428","162","0.12497",62.0500000000266,"C1213G",1213,510,"plasma",14.5999999999867,"plasma",30
"851",30,"061D03PR16","382","88","0.16282",62.0500000000266,"G257A",257,510,"plasma",0,"CD3",30
"857",30,"061D03PR16","382","88","0.16282",62.0500000000266,"A460G",460,510,"plasma",0,"CD3",30
"865",30,"061D03PR17","418","144","0.15971",62.0500000000266,"A583G",583,510,"plasma",3.64999999999668,"plasma",30
"871",30,"061D03PR18","471","257","0.16826",62.0500000000266,"A583G",583,510,"plasma",0,"plasma",30
"877",30,"061D03PR19","447","194","0.10837",62.0500000000266,"T390C",390,510,"plasma",21.8999999999801,"CD3",30
"889",30,"061D03PR19","447","194","0.10837",62.0500000000266,"C558T",558,510,"plasma",21.8999999999801,"CD3",30
"899",30,"061D03PR19","447","194","0.10837",62.0500000000266,"G583A",583,510,"plasma",21.8999999999801,"CD3",30
"905",30,"061D03PR19","447","194","0.10837",62.0500000000266,"A606G",606,510,"plasma",21.8999999999801,"CD3",30
"915",30,"061D03PR21","395","113","0.16332",62.0500000000266,"T18C",18,510,"plasma",0,"plasma",30
"917",30,"061D03PR21","395","113","0.16332",62.0500000000266,"G83A",83,510,"plasma",0,"plasma",30
"921",30,"061D03PR21","395","113","0.16332",62.0500000000266,"T1242C",1242,510,"plasma",0,"plasma",30
"925",30,"061D03PR23","421","147","0.16163",62.0500000000266,"T684C",684,510,"plasma",3.64999999999668,"plasma",30
"927",30,"061D03UR01","373","76","0.18014",62.0500000000266,"C27T",27,510,"BAL",-3.64999999999668,"BAL",30
"933",30,"061D03UR01","373","76","0.18014",62.0500000000266,"T255C",255,510,"BAL",-3.64999999999668,"BAL",30
"943",30,"061D03UR01","373","76","0.18014",62.0500000000266,"T1242C",1242,510,"BAL",-3.64999999999668,"BAL",30
"947",30,"061D03UR01","373","76","0.18014",62.0500000000266,"A280G",280,510,"BAL",-3.64999999999668,"BAL",30
"951",30,"061D03UR18","374","77","0.1616",62.0500000000266,"C27T",27,510,"BAL",3.64999999999668,"BAL",30
"957",30,"061D03UR18","374","77","0.1616",62.0500000000266,"T255C",255,510,"BAL",3.64999999999668,"BAL",30
"967",30,"061D03UR19","446","192","0.16228",62.0500000000266,"G83A",83,510,"BAL",0,"plasma",30
"971",30,"061D03UR19","446","192","0.16228",62.0500000000266,"T255C",255,510,"BAL",0,"plasma",30
"981",30,"061D03UR19","446","192","0.16228",62.0500000000266,"T18C",18,510,"BAL",0,"plasma",30
"983",30,"061D03UR20","379","83","0.16098",62.0500000000266,"T30C",30,510,"BAL",3.64999999999668,"BAL",30
"987",30,"061D03UR20","379","83","0.16098",62.0500000000266,"G1171A",1171,510,"BAL",3.64999999999668,"BAL",30
"995",30,"061D03UR20","379","83","0.16098",62.0500000000266,"T684C",684,510,"BAL",3.64999999999668,"BAL",30
"997",30,"061D03UR21","413","138","0.15372",62.0500000000266,"T18C",18,510,"BAL",3.64999999999668,"CD14",30
"999",30,"061D03UR21","413","138","0.15372",62.0500000000266,"G1171A",1171,510,"BAL",3.64999999999668,"CD14",30
"1007",30,"061D03UR21","413","138","0.15372",62.0500000000266,"T1242C",1242,510,"BAL",3.64999999999668,"CD14",30
"1011",30,"061D03UR24","379","84","0.16098",62.0500000000266,"G606A",606,510,"BAL",3.64999999999668,"BAL",30
"1021",30,"061D03UR27","377","82","0.13158",62.0500000000266,"G12A",12,510,"BAL",14.5999999999867,"BAL",30
"1027",30,"061D03UR27","377","82","0.13158",62.0500000000266,"A257G",257,510,"BAL",14.5999999999867,"BAL",30
"1033",30,"061D03UR27","377","82","0.13158",62.0500000000266,"G1171A",1171,510,"BAL",14.5999999999867,"BAL",30
"1041",30,"061D03UR28","506","307","0.15983",62.0500000000266,"A15G",15,510,"BAL",3.64999999999668,"lymph_node",30
"1053",30,"075D03AR01","453","217","0.19909",76.6500000000133,"A1232G",1232,510,"brain_parietal",3.64999999999668,"brain_parietal",30
"1061",30,"075D03AR02","472","259","0.19387",76.6500000000133,"A516G",516,510,"brain_parietal",3.64999999999668,"plasma",30
"1075",30,"075D03AR04","381","86","0.20865",76.6500000000133,"A361G",361,510,"brain_parietal",0,"CD3",30
"1077",30,"075D03AR04","381","86","0.20865",76.6500000000133,"G1171A",1171,510,"brain_parietal",0,"CD3",30
"1085",30,"075D03AR04","381","86","0.20865",76.6500000000133,"G1183A",1183,510,"brain_parietal",0,"CD3",30
"1097",30,"075D03AR05","454","221","0.18588",76.6500000000133,"T1242C",1242,510,"brain_parietal",7.29999999999336,"brain_parietal",30
"1101",30,"075D03AR05","454","221","0.18588",76.6500000000133,"C1254T",1254,510,"brain_parietal",7.29999999999336,"brain_parietal",30
"1105",30,"075D03AR06","401","122","0.27102",76.6500000000133,"G12A",12,510,"brain_parietal",-25.5499999999768,"brain_parietal",30
"1111",30,"075D03AR06","401","122","0.27102",76.6500000000133,"T165C",165,510,"brain_parietal",-25.5499999999768,"brain_parietal",30
"1115",30,"075D03AR07","471","258","0.20662",76.6500000000133,"C36T",36,510,"brain_parietal",0,"plasma",30
"1117",30,"075D03AR10","494","291","0.18959",76.6500000000133,"G474A",474,510,"brain_parietal",7.29999999999336,"brain_parietal",30
"1131",30,"075D03AR10","494","291","0.18959",76.6500000000133,"A499G",499,510,"brain_parietal",7.29999999999336,"brain_parietal",30
"1149",30,"075D03AR10","494","291","0.18959",76.6500000000133,"T510A",510,510,"brain_parietal",7.29999999999336,"brain_parietal",30
"1159",30,"075D03AR10","494","291","0.18959",76.6500000000133,"C558T",558,510,"brain_parietal",7.29999999999336,"brain_parietal",30
"1169",30,"075D03AR10","494","291","0.18959",76.6500000000133,"G943A",943,510,"brain_parietal",7.29999999999336,"brain_parietal",30
"1173",30,"075D03AR10","494","291","0.18959",76.6500000000133,"T960G",960,510,"brain_parietal",7.29999999999336,"brain_parietal",30
"1185",30,"075D03AR10","494","291","0.18959",76.6500000000133,"C470A",470,510,"brain_parietal",7.29999999999336,"brain_parietal",30
"1197",30,"075D03AR12","386","95","0.28005",76.6500000000133,"G83A",83,510,"brain_parietal",-25.5499999999768,"brain_parietal",30
"1201",30,"075D03AR13","453","211","0.19909",76.6500000000133,"A417G",417,510,"brain_parietal",3.64999999999668,"brain_parietal",30
"1211",30,"075D03AR14","494","292","0.18959",76.6500000000133,"A900G",900,510,"brain_parietal",7.29999999999336,"brain_parietal",30
"1229",30,"075D03AR14","494","292","0.18959",76.6500000000133,"G1038A",1038,510,"brain_parietal",7.29999999999336,"brain_parietal",30
"1239",30,"075D03AR14","494","292","0.18959",76.6500000000133,"G594A",594,510,"brain_parietal",7.29999999999336,"brain_parietal",30
"1251",30,"075D03AR15","453","219","0.19909",76.6500000000133,"A280G",280,510,"brain_parietal",3.64999999999668,"brain_parietal",30
"1255",30,"075D03AR16","465","247","0.14764",76.6500000000133,"C684T",684,510,"brain_parietal",21.8999999999801,"plasma",30
"1257",30,"075D03AR16","465","247","0.14764",76.6500000000133,"T255C",255,510,"brain_parietal",21.8999999999801,"plasma",30
"1267",30,"075D03AR17","455","224","0.19413",76.6500000000133,"A194G",194,510,"brain_parietal",3.64999999999668,"brain_parietal",30
"1275",30,"075D03AR17","455","224","0.19413",76.6500000000133,"A388G",388,510,"brain_parietal",3.64999999999668,"brain_parietal",30
"1281",30,"075D03AR17","455","224","0.19413",76.6500000000133,"C36T",36,510,"brain_parietal",3.64999999999668,"brain_parietal",30
"1283",30,"075D03AR18","453","212","0.19909",76.6500000000133,"T165C",165,510,"brain_parietal",3.64999999999668,"brain_parietal",30
"1287",30,"075D03AR18","453","212","0.19909",76.6500000000133,"T850C",850,510,"brain_parietal",3.64999999999668,"brain_parietal",30
"1291",30,"075D03AR19","442","186","0.20792",76.6500000000133,"C278T",278,510,"brain_parietal",0,"plasma",30
"1299",30,"075D03AR19","442","186","0.20792",76.6500000000133,"G594A",594,510,"brain_parietal",0,"plasma",30
"1311",30,"075D03AR19","442","186","0.20792",76.6500000000133,"C1254T",1254,510,"brain_parietal",0,"plasma",30
"1315",30,"075D03AR21","453","218","0.19909",76.6500000000133,"A460G",460,510,"brain_parietal",3.64999999999668,"brain_parietal",30
"1323",30,"075D03AR22","462","235","0.21117",76.6500000000133,"A388G",388,510,"brain_parietal",-3.64999999999668,"plasma",30
"1329",30,"075D03AR22","462","235","0.21117",76.6500000000133,"C684T",684,510,"brain_parietal",-3.64999999999668,"plasma",30
"1331",30,"075D03AR23","453","220","0.19909",76.6500000000133,"T1214C",1214,510,"brain_parietal",3.64999999999668,"brain_parietal",30
"1335",30,"075D03AR26","434","176","0.19705",76.6500000000133,"C278T",278,510,"brain_parietal",3.64999999999668,"brain_parietal",30
"1343",30,"075D03AR27","454","222","0.18588",76.6500000000133,"G1183A",1183,510,"brain_parietal",7.29999999999336,"brain_parietal",30
"1355",30,"075D03AR31","455","225","0.19413",76.6500000000133,"T1242C",1242,510,"brain_parietal",3.64999999999668,"brain_parietal",30
"1359",30,"075D03AR35","456","227","0.22282",76.6500000000133,"G583A",583,510,"brain_parietal",-7.29999999999336,"plasma",30
"1365",30,"075D03AR38","434","177","0.19705",76.6500000000133,"C1395T",1395,510,"brain_parietal",3.64999999999668,"brain_parietal",30
"1369",30,"075D03BR01","434","175","0.19705",76.6500000000133,"T552C",552,510,"bone_marrow",3.64999999999668,"brain_parietal",30
"1375",30,"075D03BR02","417","142","0.19061",76.6500000000133,"T1242C",1242,510,"bone_marrow",3.64999999999668,"plasma",30
"1379",30,"075D03BR02","417","142","0.19061",76.6500000000133,"G1387A",1387,510,"bone_marrow",3.64999999999668,"plasma",30
"1391",30,"075D03BR02","417","142","0.19061",76.6500000000133,"G12A",12,510,"bone_marrow",3.64999999999668,"plasma",30
"1397",30,"075D03BR04","393","105","0.20407",76.6500000000133,"C27T",27,510,"bone_marrow",0,"plasma",30
"1403",30,"075D03BR06","473","261","0.19947",76.6500000000133,"T1287C",1287,510,"bone_marrow",3.64999999999668,"plasma",30
"1423",30,"075D03BR10","397","116","0.18765",76.6500000000133,"C684T",684,510,"bone_marrow",7.29999999999336,"bone_marrow",30
"1425",30,"075D03BR12","394","110","0.19575",76.6500000000133,"T850C",850,510,"bone_marrow",3.64999999999668,"bone_marrow",30
"1429",30,"075D03BR12","394","110","0.19575",76.6500000000133,"G1239A",1239,510,"bone_marrow",3.64999999999668,"bone_marrow",30
"1435",30,"075D03BR12","394","110","0.19575",76.6500000000133,"A1260T",1260,510,"bone_marrow",3.64999999999668,"bone_marrow",30
"1439",30,"075D03BR15","390","100","0.20766",76.6500000000133,"A516G",516,510,"bone_marrow",0,"CD3",30
"1453",30,"075D03BR17","470","254","0.19393",76.6500000000133,"T1242C",1242,510,"bone_marrow",3.64999999999668,"brain_frontal",30
"1457",30,"075D03BR17","470","254","0.19393",76.6500000000133,"A1000G",1000,510,"bone_marrow",3.64999999999668,"brain_frontal",30
"1465",30,"075D03BR20","474","264","0.19988",76.6500000000133,"G12A",12,510,"bone_marrow",3.64999999999668,"plasma",30
"1471",30,"075D03BR20","474","264","0.19988",76.6500000000133,"G1183A",1183,510,"bone_marrow",3.64999999999668,"plasma",30
"1483",30,"075D03BR20","474","264","0.19988",76.6500000000133,"G1171A",1171,510,"bone_marrow",3.64999999999668,"plasma",30
"1491",30,"075D03BR22","393","108","0.20407",76.6500000000133,"G12A",12,510,"bone_marrow",0,"plasma",30
"1497",30,"075D03BR22","393","108","0.20407",76.6500000000133,"T850C",850,510,"bone_marrow",0,"plasma",30
"1501",30,"075D03FR15","384","91","0.31056",76.6500000000133,"C27T",27,510,"brain_frontal",-40.1499999999635,"plasma",30
"1507",30,"075D03FR15","384","91","0.31056",76.6500000000133,"T684C",684,510,"brain_frontal",-40.1499999999635,"plasma",30
"1509",30,"075D03FR15","384","91","0.31056",76.6500000000133,"A516G",516,510,"brain_frontal",-40.1499999999635,"plasma",30
"1523",30,"075D03FR17","422","149","0.22926",76.6500000000133,"A606G",606,510,"brain_frontal",-7.29999999999336,"brain_frontal",30
"1533",30,"075D03FR17","422","149","0.22926",76.6500000000133,"T684C",684,510,"brain_frontal",-7.29999999999336,"brain_frontal",30
"1535",30,"075D03FR19","424","154","0.2002",76.6500000000133,"A361G",361,510,"brain_frontal",3.64999999999668,"brain_frontal",30
"1537",30,"075D03FR21","423","152","0.19809",76.6500000000133,"-1186C",1186,510,"brain_frontal",3.64999999999668,"brain_frontal",30
"1557",30,"075D03FR21","423","152","0.19809",76.6500000000133,"-1188A",1188,510,"brain_frontal",3.64999999999668,"brain_frontal",30
"1577",30,"075D03FR21","423","152","0.19809",76.6500000000133,"-1210A",1210,510,"brain_frontal",3.64999999999668,"brain_frontal",30
"1593",30,"075D03FR21","423","152","0.19809",76.6500000000133,"-1211C",1211,510,"brain_frontal",3.64999999999668,"brain_frontal",30
"1611",30,"075D03FR21","423","152","0.19809",76.6500000000133,"-1187T",1187,510,"brain_frontal",3.64999999999668,"brain_frontal",30
"1623",30,"075D03FR21","423","152","0.19809",76.6500000000133,"G1226A",1226,510,"brain_frontal",3.64999999999668,"brain_frontal",30
"1635",30,"075D03FR21","423","152","0.19809",76.6500000000133,"C1229T",1229,510,"brain_frontal",3.64999999999668,"brain_frontal",30
"1655",30,"075D03FR21","423","152","0.19809",76.6500000000133,"A1232G",1232,510,"brain_frontal",3.64999999999668,"brain_frontal",30
"1663",30,"075D03FR21","423","152","0.19809",76.6500000000133,"-1212T",1212,510,"brain_frontal",3.64999999999668,"brain_frontal",30
"1677",30,"075D03FR21","423","152","0.19809",76.6500000000133,"G1244A",1244,510,"brain_frontal",3.64999999999668,"brain_frontal",30
"1681",30,"075D03JR05","473","262","0.19947",76.6500000000133,"G474A",474,510,"lymph_node",3.64999999999668,"plasma",30
"1695",30,"075D03JR05","473","262","0.19947",76.6500000000133,"T850C",850,510,"lymph_node",3.64999999999668,"plasma",30
"1699",30,"075D03JR06","404","127","0.26586",76.6500000000133,"C27T",27,510,"lymph_node",-21.8999999999801,"plasma",30
"1705",30,"075D03JR06","404","127","0.26586",76.6500000000133,"A194G",194,510,"lymph_node",-21.8999999999801,"plasma",30
"1713",30,"075D03JR06","404","127","0.26586",76.6500000000133,"A361G",361,510,"lymph_node",-21.8999999999801,"plasma",30
"1715",30,"075D03JR06","404","127","0.26586",76.6500000000133,"T1242C",1242,510,"lymph_node",-21.8999999999801,"plasma",30
"1719",30,"075D03JR06","404","127","0.26586",76.6500000000133,"T850C",850,510,"lymph_node",-21.8999999999801,"plasma",30
"1723",30,"075D03JR12","504","303","0.19992",76.6500000000133,"A606G",606,510,"lymph_node",3.64999999999668,"lymph_node",30
"1733",30,"075D03JR12","504","303","0.19992",76.6500000000133,"G1171A",1171,510,"lymph_node",3.64999999999668,"lymph_node",30
"1741",30,"075D03JR12","504","303","0.19992",76.6500000000133,"C27T",27,510,"lymph_node",3.64999999999668,"lymph_node",30
"1747",30,"075D03JR13","391","101","0.19988",76.6500000000133,"C27T",27,510,"lymph_node",3.64999999999668,"CD3",30
"1753",30,"075D03JR13","391","101","0.19988",76.6500000000133,"C444T",444,510,"lymph_node",3.64999999999668,"CD3",30
"1757",30,"075D03JR13","391","101","0.19988",76.6500000000133,"A516G",516,510,"lymph_node",3.64999999999668,"CD3",30
"1771",30,"075D03JR13","391","101","0.19988",76.6500000000133,"A417G",417,510,"lymph_node",3.64999999999668,"CD3",30
"1781",30,"075D03KR07","403","125","0.20205",76.6500000000133,"C278T",278,510,"CD3",0,"CD3",30
"1789",30,"075D03KR07","403","125","0.20205",76.6500000000133,"G583A",583,510,"CD3",0,"CD3",30
"1795",30,"075D03KR07","403","125","0.20205",76.6500000000133,"G1038A",1038,510,"CD3",0,"CD3",30
"1805",30,"075D03KR07","403","125","0.20205",76.6500000000133,"G1183A",1183,510,"CD3",0,"CD3",30
"1817",30,"075D03KR07","403","125","0.20205",76.6500000000133,"-1186C",1186,510,"CD3",0,"CD3",30
"1837",30,"075D03KR07","403","125","0.20205",76.6500000000133,"T684C",684,510,"CD3",0,"CD3",30
"1839",30,"075D03KR07","403","125","0.20205",76.6500000000133,"-1188A",1188,510,"CD3",0,"CD3",30
"1859",30,"075D03KR07","403","125","0.20205",76.6500000000133,"-1210A",1210,510,"CD3",0,"CD3",30
"1875",30,"075D03KR07","403","125","0.20205",76.6500000000133,"-1211C",1211,510,"CD3",0,"CD3",30
"1893",30,"075D03KR07","403","125","0.20205",76.6500000000133,"-1187T",1187,510,"CD3",0,"CD3",30
"1905",30,"075D03KR07","403","125","0.20205",76.6500000000133,"G1226A",1226,510,"CD3",0,"CD3",30
"1917",30,"075D03KR07","403","125","0.20205",76.6500000000133,"C1229T",1229,510,"CD3",0,"CD3",30
"1937",30,"075D03KR07","403","125","0.20205",76.6500000000133,"A1232G",1232,510,"CD3",0,"CD3",30
"1945",30,"075D03KR07","403","125","0.20205",76.6500000000133,"G1244A",1244,510,"CD3",0,"CD3",30
"1949",30,"075D03KR07","403","125","0.20205",76.6500000000133,"-1212T",1212,510,"CD3",0,"CD3",30
"1963",30,"075D03KR11","417","143","0.19061",76.6500000000133,"T18C",18,510,"CD3",3.64999999999668,"plasma",30
"1965",30,"075D03KR11","417","143","0.19061",76.6500000000133,"G430A",430,510,"CD3",3.64999999999668,"plasma",30
"1967",30,"075D03KR11","417","143","0.19061",76.6500000000133,"A1260T",1260,510,"CD3",3.64999999999668,"plasma",30
"1971",30,"075D03KR11","417","143","0.19061",76.6500000000133,"G1239A",1239,510,"CD3",3.64999999999668,"plasma",30
"1977",30,"075D03KR12","392","103","0.18928",76.6500000000133,"C27T",27,510,"CD3",7.29999999999336,"CD3",30
"1983",30,"075D03KR12","392","103","0.18928",76.6500000000133,"C558T",558,510,"CD3",7.29999999999336,"CD3",30
"1993",30,"075D03KR12","392","103","0.18928",76.6500000000133,"A606G",606,510,"CD3",7.29999999999336,"CD3",30
"2003",30,"075D03KR13","389","99","0.22652",76.6500000000133,"G12A",12,510,"CD3",-7.29999999999336,"CD3",30
"2009",30,"075D03KR15","403","124","0.20205",76.6500000000133,"G594A",594,510,"CD3",0,"CD3",30
"2021",30,"075D03KR15","403","124","0.20205",76.6500000000133,"G430A",430,510,"CD3",0,"CD3",30
"2023",30,"075D03KR15","403","124","0.20205",76.6500000000133,"C1213G",1213,510,"CD3",0,"CD3",30
"2033",30,"075D03KR19","392","104","0.18928",76.6500000000133,"T18C",18,510,"CD3",7.29999999999336,"CD3",30
"2035",30,"075D03KR19","392","104","0.18928",76.6500000000133,"T684C",684,510,"CD3",7.29999999999336,"CD3",30
"2037",30,"075D03KR20","372","75","0.23626",76.6500000000133,"C27T",27,510,"CD3",-10.94999999999,"CD3",30
"2043",30,"075D03KR21","414","140","0.17439",76.6500000000133,"T552C",552,510,"CD3",10.94999999999,"CD14",30
"2049",30,"075D03KR21","414","140","0.17439",76.6500000000133,"T850C",850,510,"CD3",10.94999999999,"CD14",30
"2053",30,"075D03KR21","414","140","0.17439",76.6500000000133,"A900G",900,510,"CD3",10.94999999999,"CD14",30
"2071",30,"075D03KR21","414","140","0.17439",76.6500000000133,"A1260T",1260,510,"CD3",10.94999999999,"CD14",30
"2075",30,"075D03KR21","414","140","0.17439",76.6500000000133,"G1239A",1239,510,"CD3",10.94999999999,"CD14",30
"2081",30,"075D03OR05","316","4","0.26818",76.6500000000133,"G83A",83,510,"CD14",-21.8999999999801,"CD14",30
"2085",30,"075D03OR05","316","4","0.26818",76.6500000000133,"T552C",552,510,"CD14",-21.8999999999801,"CD14",30
"2091",30,"075D03OR05","316","4","0.26818",76.6500000000133,"G606A",606,510,"CD14",-21.8999999999801,"CD14",30
"2101",30,"075D03OR06","320","11","0.19989",76.6500000000133,"A943G",943,510,"CD14",3.64999999999668,"meninges",30
"2105",30,"075D03OR07","409","131","0.20127",76.6500000000133,"T165C",165,510,"CD14",0,"CD14",30
"2109",30,"075D03OR07","409","131","0.20127",76.6500000000133,"A457G",457,510,"CD14",0,"CD14",30
"2121",30,"075D03OR07","409","131","0.20127",76.6500000000133,"G474A",474,510,"CD14",0,"CD14",30
"2135",30,"075D03OR07","409","131","0.20127",76.6500000000133,"A499G",499,510,"CD14",0,"CD14",30
"2153",30,"075D03OR07","409","131","0.20127",76.6500000000133,"T510A",510,510,"CD14",0,"CD14",30
"2163",30,"075D03OR07","409","131","0.20127",76.6500000000133,"A535G",535,510,"CD14",0,"CD14",30
"2183",30,"075D03OR07","409","131","0.20127",76.6500000000133,"G536A",536,510,"CD14",0,"CD14",30
"2195",30,"075D03OR07","409","131","0.20127",76.6500000000133,"A542G",542,510,"CD14",0,"CD14",30
"2213",30,"075D03OR07","409","131","0.20127",76.6500000000133,"C558T",558,510,"CD14",0,"CD14",30
"2223",30,"075D03OR07","409","131","0.20127",76.6500000000133,"T567C",567,510,"CD14",0,"CD14",30
"2235",30,"075D03OR07","409","131","0.20127",76.6500000000133,"A619G",619,510,"CD14",0,"CD14",30
"2243",30,"075D03OR07","409","131","0.20127",76.6500000000133,"C470A",470,510,"CD14",0,"CD14",30
"2255",30,"075D03OR08","314","3","0.36152",76.6500000000133,"T27C",27,510,"CD14",-58.4000000000299,"CD14",30
"2261",30,"075D03OR08","314","3","0.36152",76.6500000000133,"C129T",129,510,"CD14",-58.4000000000299,"CD14",30
"2267",30,"075D03OR08","314","3","0.36152",76.6500000000133,"A133G",133,510,"CD14",-58.4000000000299,"CD14",30
"2277",30,"075D03OR08","314","3","0.36152",76.6500000000133,"T552C",552,510,"CD14",-58.4000000000299,"CD14",30
"2283",30,"075D03OR08","314","3","0.36152",76.6500000000133,"G606A",606,510,"CD14",-58.4000000000299,"CD14",30
"2293",30,"075D03OR08","314","3","0.36152",76.6500000000133,"T684C",684,510,"CD14",-58.4000000000299,"CD14",30
"2295",30,"075D03OR08","314","3","0.36152",76.6500000000133,"A1232G",1232,510,"CD14",-58.4000000000299,"CD14",30
"2303",30,"075D03OR08","314","3","0.36152",76.6500000000133,"T135G",135,510,"CD14",-58.4000000000299,"CD14",30
"2313",30,"075D03OR14","317","5","0.19802",76.6500000000133,"T165C",165,510,"CD14",3.64999999999668,"CD14",30
"2317",30,"075D03OR14","317","5","0.19802",76.6500000000133,"T552C",552,510,"CD14",3.64999999999668,"CD14",30
"2323",30,"075D03OR14","317","5","0.19802",76.6500000000133,"G606A",606,510,"CD14",3.64999999999668,"CD14",30
"2333",30,"075D03OR15","314","2","0.36152",76.6500000000133,"G583A",583,510,"CD14",-58.4000000000299,"CD14",30
"2339",30,"075D03OR15","314","2","0.36152",76.6500000000133,"G83A",83,510,"CD14",-58.4000000000299,"CD14",30
"2343",30,"075D03OR17","320","18","0.19989",76.6500000000133,"T27C",27,510,"CD14",3.64999999999668,"meninges",30
"2349",30,"075D03OR19","409","132","0.20127",76.6500000000133,"A606G",606,510,"CD14",0,"CD14",30
"2359",30,"075D03OR20","487","284","0.19681",76.6500000000133,"T255C",255,510,"CD14",3.64999999999668,"plasma",30
"2369",30,"075D03OR20","487","284","0.19681",76.6500000000133,"A1171G",1171,510,"CD14",3.64999999999668,"plasma",30
"2377",30,"075D03OR22","317","6","0.19802",76.6500000000133,"T255C",255,510,"CD14",3.64999999999668,"CD14",30
"2387",30,"075D03OR22","317","6","0.19802",76.6500000000133,"C558T",558,510,"CD14",3.64999999999668,"CD14",30
"2397",30,"075D03OR22","317","6","0.19802",76.6500000000133,"G583A",583,510,"CD14",3.64999999999668,"CD14",30
"2403",30,"075D03OR22","317","6","0.19802",76.6500000000133,"T684C",684,510,"CD14",3.64999999999668,"CD14",30
"2405",30,"075D03OR22","317","6","0.19802",76.6500000000133,"T850C",850,510,"CD14",3.64999999999668,"CD14",30
"2409",30,"075D03OR22","317","6","0.19802",76.6500000000133,"A943G",943,510,"CD14",3.64999999999668,"CD14",30
"2413",30,"075D03OR22","317","6","0.19802",76.6500000000133,"G960T",960,510,"CD14",3.64999999999668,"CD14",30
"2425",30,"075D03OR22","317","6","0.19802",76.6500000000133,"G257A",257,510,"CD14",3.64999999999668,"CD14",30
"2431",30,"075D03OR27","318","7","0.2799",76.6500000000133,"G583A",583,510,"CD14",-25.5499999999768,"CD14",30
"2437",30,"075D03PR01","429","163","0.16032",76.6500000000133,"A460G",460,510,"plasma",18.2499999999834,"plasma",30
"2445",30,"075D03PR01","429","163","0.16032",76.6500000000133,"A516G",516,510,"plasma",18.2499999999834,"plasma",30
"2459",30,"075D03PR01","429","163","0.16032",76.6500000000133,"T552C",552,510,"plasma",18.2499999999834,"plasma",30
"2465",30,"075D03PR01","429","163","0.16032",76.6500000000133,"T850C",850,510,"plasma",18.2499999999834,"plasma",30
"2469",30,"075D03PR01","429","163","0.16032",76.6500000000133,"A1260T",1260,510,"plasma",18.2499999999834,"plasma",30
"2473",30,"075D03PR01","429","163","0.16032",76.6500000000133,"A83G",83,510,"plasma",18.2499999999834,"plasma",30
"2477",30,"075D03PR02","385","94","0.30047",76.6500000000133,"A15G",15,510,"plasma",-32.8499999999701,"plasma",30
"2489",30,"075D03PR02","385","94","0.30047",76.6500000000133,"T684C",684,510,"plasma",-32.8499999999701,"plasma",30
"2491",30,"075D03PR02","385","94","0.30047",76.6500000000133,"T850C",850,510,"plasma",-32.8499999999701,"plasma",30
"2495",30,"075D03PR02","385","94","0.30047",76.6500000000133,"C558T",558,510,"plasma",-32.8499999999701,"plasma",30
"2505",30,"075D03PR03","458","231","0.19987",76.6500000000133,"A257G",257,510,"plasma",3.64999999999668,"CD14",30
"2511",30,"075D03PR03","458","231","0.19987",76.6500000000133,"C558T",558,510,"plasma",3.64999999999668,"CD14",30
"2521",30,"075D03PR04","442","187","0.20792",76.6500000000133,"C27T",27,510,"plasma",0,"plasma",30
"2527",30,"075D03PR04","442","187","0.20792",76.6500000000133,"A194G",194,510,"plasma",0,"plasma",30
"2535",30,"075D03PR08","375","78","0.19696",76.6500000000133,"C36T",36,510,"plasma",3.64999999999668,"BAL",30
"2537",30,"075D03PR08","375","78","0.19696",76.6500000000133,"A257G",257,510,"plasma",3.64999999999668,"BAL",30
"2543",30,"075D03PR08","375","78","0.19696",76.6500000000133,"A606G",606,510,"plasma",3.64999999999668,"BAL",30
"2553",30,"075D03PR08","375","78","0.19696",76.6500000000133,"T684C",684,510,"plasma",3.64999999999668,"BAL",30
"2555",30,"075D03PR08","375","78","0.19696",76.6500000000133,"C558T",558,510,"plasma",3.64999999999668,"BAL",30
"2565",30,"075D03PR10","399","119","0.17387",76.6500000000133,"T1242C",1242,510,"plasma",10.94999999999,"plasma",30
"2569",30,"075D03PR12","472","260","0.19387",76.6500000000133,"G12A",12,510,"plasma",3.64999999999668,"plasma",30
"2575",30,"075D03PR12","472","260","0.19387",76.6500000000133,"T850C",850,510,"plasma",3.64999999999668,"plasma",30
"2579",30,"075D03PR14","460","233","0.2167",76.6500000000133,"A15G",15,510,"plasma",-3.64999999999668,"plasma",30
"2591",30,"075D03PR16","410","133","0.25742",76.6500000000133,"C444T",444,510,"plasma",-18.2499999999834,"plasma",30
"2595",30,"075D03PR16","410","133","0.25742",76.6500000000133,"A516G",516,510,"plasma",-18.2499999999834,"plasma",30
"2609",30,"075D03PR17","456","226","0.22282",76.6500000000133,"C27T",27,510,"plasma",-7.29999999999336,"plasma",30
"2615",30,"075D03PR17","456","226","0.22282",76.6500000000133,"T255C",255,510,"plasma",-7.29999999999336,"plasma",30
"2625",30,"075D03PR17","456","226","0.22282",76.6500000000133,"C960T",960,510,"plasma",-7.29999999999336,"plasma",30
"2637",30,"075D03PR19","421","148","0.19998",76.6500000000133,"C558T",558,510,"plasma",3.64999999999668,"plasma",30
"2647",30,"075D03PR20","446","193","0.20063",76.6500000000133,"C27T",27,510,"plasma",0,"plasma",30
"2653",30,"075D03PR20","446","193","0.20063",76.6500000000133,"T129C",129,510,"plasma",0,"plasma",30
"2659",30,"075D03PR20","446","193","0.20063",76.6500000000133,"G133A",133,510,"plasma",0,"plasma",30
"2669",30,"075D03PR20","446","193","0.20063",76.6500000000133,"G135T",135,510,"plasma",0,"plasma",30
"2679",30,"075D03PR22","395","112","0.20167",76.6500000000133,"C444T",444,510,"plasma",0,"plasma",30
"2683",30,"075D03PR22","395","112","0.20167",76.6500000000133,"A516G",516,510,"plasma",0,"plasma",30
"2697",30,"075D03PR22","395","112","0.20167",76.6500000000133,"T558C",558,510,"plasma",0,"plasma",30
"2707",30,"075D03PR23","412","137","0.20008",76.6500000000133,"G1171A",1171,510,"plasma",3.64999999999668,"plasma",30
"2715",30,"075D03PR23","412","137","0.20008",76.6500000000133,"G1181A",1181,510,"plasma",3.64999999999668,"plasma",30
"2717",30,"075D03PR23","412","137","0.20008",76.6500000000133,"G1183A",1183,510,"plasma",3.64999999999668,"plasma",30
"2729",30,"075D03PR23","412","137","0.20008",76.6500000000133,"G12A",12,510,"plasma",3.64999999999668,"plasma",30
"2735",30,"075D03PR24","403","126","0.20205",76.6500000000133,"A516G",516,510,"plasma",0,"CD3",30
"2749",30,"075D03PR24","403","126","0.20205",76.6500000000133,"T684C",684,510,"plasma",0,"CD3",30
"2751",30,"075D03PR24","403","126","0.20205",76.6500000000133,"T1242C",1242,510,"plasma",0,"CD3",30
"2755",30,"075D03PR24","403","126","0.20205",76.6500000000133,"T165C",165,510,"plasma",0,"CD3",30
"2759",30,"075D03PR24","403","126","0.20205",76.6500000000133,"C1254T",1254,510,"plasma",0,"CD3",30
"2763",30,"075D03TR03","388","98","0.20015",76.6500000000133,"A900G",900,510,"brain_temporal",3.64999999999668,"brain_temporal",30
"2781",30,"075D03TR05","463","244","0.20879",76.6500000000133,"C27T",27,510,"brain_temporal",0,"plasma",30
"2787",30,"075D03TR06","387","96","0.20843",76.6500000000133,"C1213G",1213,510,"brain_temporal",0,"brain_temporal",30
"2797",30,"075D03TR17","490","287","0.16107",76.6500000000133,"A417G",417,510,"brain_temporal",14.5999999999867,"brain_temporal",30
"2807",30,"075D03UR02","320","14","0.19989",76.6500000000133,"C36T",36,510,"BAL",3.64999999999668,"meninges",30
"2809",30,"075D03UR03","320","12","0.19989",76.6500000000133,"G1216A",1216,510,"BAL",3.64999999999668,"meninges",30
"2813",30,"075D03UR07","320","19","0.19989",76.6500000000133,"G83A",83,510,"BAL",3.64999999999668,"meninges",30
"2817",30,"075D03UR24","320","9","0.19989",76.6500000000133,"A516G",516,510,"BAL",3.64999999999668,"meninges",30
"2831",30,"075D03UR28","320","16","0.19989",76.6500000000133,"A417G",417,510,"BAL",3.64999999999668,"meninges",30
"2841",30,"075D03ZR18","320","10","0.19989",76.6500000000133,"G542A",542,510,"meninges",3.64999999999668,"meninges",30
"2859",30,"NODE_0000000","432","449","0.02966",3.64999999999668,"C278T",278,510,"CD14",-7.29999999999336,"CD14",30
"2867",30,"NODE_0000009","449","453","0.00087",3.64999999999668,"G594A",594,510,"brain_parietal",3.64999999999668,"CD14",30
"2879",30,"NODE_0000013","453","454","0.01322",7.29999999999336,"G1171A",1171,510,"brain_parietal",3.64999999999668,"brain_parietal",30
"2887",30,"NODE_0000014","453","455","0.00496",3.64999999999668,"A900G",900,510,"brain_parietal",3.64999999999668,"brain_parietal",30
"2905",30,"NODE_0000024","449","450","0.00291",3.64999999999668,"A516G",516,510,"CD14",3.64999999999668,"CD14",30
"2919",30,"NODE_0000026","450","451","0.01168",7.29999999999336,"T30C",30,510,"CD14",3.64999999999668,"CD14",30
"2923",30,"NODE_0000027","451","452","0.13741",58.4000000000299,"G516A",516,510,"CD14",7.29999999999336,"CD14",30
"2937",30,"NODE_0000027","451","452","0.13741",58.4000000000299,"T850C",850,510,"CD14",7.29999999999336,"CD14",30
"2941",30,"NODE_0000027","451","452","0.13741",58.4000000000299,"G1171A",1171,510,"CD14",7.29999999999336,"CD14",30
"2949",30,"NODE_0000027","451","452","0.13741",58.4000000000299,"G1183A",1183,510,"CD14",7.29999999999336,"CD14",30
"2961",30,"NODE_0000027","451","452","0.13741",58.4000000000299,"G1329A",1329,510,"CD14",7.29999999999336,"CD14",30
"2967",30,"NODE_0000031","456","457","0.01617",0,"A516G",516,510,"CD14",-7.29999999999336,"plasma",30
"2981",30,"NODE_0000032","457","458","0.00679",3.64999999999668,"T30C",30,510,"CD14",0,"CD14",30
"2985",30,"NODE_0000040","462","463","0.00238",0,"T278C",278,510,"plasma",-3.64999999999668,"plasma",30
"2993",30,"NODE_0000041","463","464","0.01066",3.64999999999668,"G1183A",1183,510,"plasma",0,"plasma",30
"3005",30,"NODE_0000041","463","464","0.01066",3.64999999999668,"G1226A",1226,510,"plasma",0,"plasma",30
"3017",30,"NODE_0000042","464","465","0.05049",21.8999999999801,"A516G",516,510,"plasma",3.64999999999668,"plasma",30
"3031",30,"NODE_0000042","464","465","0.05049",21.8999999999801,"-1186C",1186,510,"plasma",3.64999999999668,"plasma",30
"3051",30,"NODE_0000042","464","465","0.05049",21.8999999999801,"-1187T",1187,510,"plasma",3.64999999999668,"plasma",30
"3063",30,"NODE_0000042","464","465","0.05049",21.8999999999801,"-1188A",1188,510,"plasma",3.64999999999668,"plasma",30
"3083",30,"NODE_0000042","464","465","0.05049",21.8999999999801,"-1210A",1210,510,"plasma",3.64999999999668,"plasma",30
"3099",30,"NODE_0000042","464","465","0.05049",21.8999999999801,"-1211C",1211,510,"plasma",3.64999999999668,"plasma",30
"3117",30,"NODE_0000042","464","465","0.05049",21.8999999999801,"-1212T",1212,510,"plasma",3.64999999999668,"plasma",30
"3131",30,"NODE_0000042","464","465","0.05049",21.8999999999801,"C1229T",1229,510,"plasma",3.64999999999668,"plasma",30
"3151",30,"NODE_0000042","464","465","0.05049",21.8999999999801,"A1232G",1232,510,"plasma",3.64999999999668,"plasma",30
"3159",30,"NODE_0000042","464","465","0.05049",21.8999999999801,"G1244A",1244,510,"plasma",3.64999999999668,"plasma",30
"3163",30,"NODE_0000044","463","485","0.00203",0,"G951T",951,510,"plasma",0,"plasma",30
"3173",30,"NODE_0000044","463","485","0.00203",0,"C960T",960,510,"plasma",0,"plasma",30
"3185",30,"NODE_0000047","485","486","0.00719",3.64999999999668,"G1171A",1171,510,"plasma",0,"plasma",30
"3193",30,"NODE_0000047","485","486","0.00719",3.64999999999668,"G1183A",1183,510,"plasma",0,"plasma",30
"3205",30,"NODE_0000048","486","487","0.00276",3.64999999999668,"T850C",850,510,"plasma",3.64999999999668,"plasma",30
"3209",30,"NODE_0000050","485","488","0.00098",0,"C684T",684,510,"plasma",0,"plasma",30
"3211",30,"NODE_0000051","488","489","0.10666",40.1499999999635,"C27T",27,510,"CD14",0,"plasma",30
"3217",30,"NODE_0000051","488","489","0.10666",40.1499999999635,"T129C",129,510,"CD14",0,"plasma",30
"3223",30,"NODE_0000051","488","489","0.10666",40.1499999999635,"G133A",133,510,"CD14",0,"plasma",30
"3233",30,"NODE_0000051","488","489","0.10666",40.1499999999635,"G135T",135,510,"CD14",0,"plasma",30
"3243",30,"NODE_0000053","488","490","0.0447",14.5999999999867,"C278T",278,510,"brain_temporal",0,"plasma",30
"3251",30,"NODE_0000053","488","490","0.0447",14.5999999999867,"A1000G",1000,510,"brain_temporal",0,"plasma",30
"3259",30,"NODE_0000053","488","490","0.0447",14.5999999999867,"G1038A",1038,510,"brain_temporal",0,"plasma",30
"3269",30,"NODE_0000054","490","491","0.06505",40.1499999999635,"T558C",558,510,"brain_temporal",14.5999999999867,"brain_temporal",30
"3279",30,"NODE_0000054","490","491","0.06505",40.1499999999635,"C1213G",1213,510,"brain_temporal",14.5999999999867,"brain_temporal",30
"3289",30,"NODE_0000054","490","491","0.06505",40.1499999999635,"C1220A",1220,510,"brain_temporal",14.5999999999867,"brain_temporal",30
"3299",30,"NODE_0000055","488","492","0.00249",0,"T558C",558,510,"CD14",0,"plasma",30
"3309",30,"NODE_0000055","488","492","0.00249",0,"A583G",583,510,"CD14",0,"plasma",30
"3315",30,"NODE_0000055","488","492","0.00249",0,"G606A",606,510,"CD14",0,"plasma",30
"3325",30,"NODE_0000056","492","493","0.00566",3.64999999999668,"C278T",278,510,"CD14",0,"CD14",30
"3333",30,"NODE_0000058","492","495","0.00098",0,"T850C",850,510,"CD14",0,"CD14",30
"3337",30,"NODE_0000059","495","496","0.00216",3.64999999999668,"T165C",165,510,"CD14",0,"CD14",30
"3341",30,"NODE_0000060","496","497","0.03257",14.5999999999867,"G1171A",1171,510,"CD14",3.64999999999668,"CD14",30
"3349",30,"NODE_0000060","496","497","0.03257",14.5999999999867,"G1183A",1183,510,"CD14",3.64999999999668,"CD14",30
"3361",30,"NODE_0000067","495","503","0.00122",0,"T255C",255,510,"lymph_node",0,"CD14",30
"3371",30,"NODE_0000068","503","504","0.00116",3.64999999999668,"A516G",516,510,"lymph_node",0,"lymph_node",30
"3385",30,"NODE_0000070","504","505","0.04673",18.2499999999834,"C255T",255,510,"CD14",3.64999999999668,"lymph_node",30
"3395",30,"NODE_0000070","504","505","0.04673",18.2499999999834,"T1242C",1242,510,"CD14",3.64999999999668,"lymph_node",30
"3399",30,"NODE_0000071","504","506","0.00173",3.64999999999668,"C444T",444,510,"lymph_node",3.64999999999668,"lymph_node",30
"3403",30,"NODE_0000073","506","507","0.01063",7.29999999999336,"A1260T",1260,510,"lymph_node",3.64999999999668,"lymph_node",30
"3407",30,"NODE_0000075","506","508","0.09883",40.1499999999635,"T951G",951,510,"lymph_node",3.64999999999668,"lymph_node",30
"3417",30,"NODE_0000075","506","508","0.09883",40.1499999999635,"T960C",960,510,"lymph_node",3.64999999999668,"lymph_node",30
"3429",30,"NODE_0000086","463","468","0.00873",3.64999999999668,"A257G",257,510,"plasma",0,"plasma",30
"3435",30,"NODE_0000087","468","469","0.12892",47.4500000000398,"C36T",36,510,"lymph_node",3.64999999999668,"plasma",30
"3437",30,"NODE_0000087","468","469","0.12892",47.4500000000398,"A361G",361,510,"lymph_node",3.64999999999668,"plasma",30
"3439",30,"NODE_0000087","468","469","0.12892",47.4500000000398,"T850C",850,510,"lymph_node",3.64999999999668,"plasma",30
"3443",30,"NODE_0000087","468","469","0.12892",47.4500000000398,"G1181A",1181,510,"lymph_node",3.64999999999668,"plasma",30
"3445",30,"NODE_0000088","468","470","0.00613",3.64999999999668,"T165C",165,510,"brain_frontal",3.64999999999668,"plasma",30
"3449",30,"NODE_0000091","463","466","0.00944",3.64999999999668,"T1242C",1242,510,"plasma",0,"plasma",30
"3453",30,"NODE_0000093","466","467","0.06281",25.5499999999768,"T850C",850,510,"brain_parietal",3.64999999999668,"plasma",30
"3457",30,"NODE_0000093","466","467","0.06281",25.5499999999768,"A900G",900,510,"brain_parietal",3.64999999999668,"plasma",30
"3475",30,"NODE_0000094","463","471","0.00217",0,"C684T",684,510,"plasma",0,"plasma",30
"3477",30,"NODE_0000095","471","474","0.00673",3.64999999999668,"A1260T",1260,510,"plasma",0,"plasma",30
"3481",30,"NODE_0000097","474","475","0.10384",40.1499999999635,"T684C",684,510,"brain_frontal",3.64999999999668,"plasma",30
"3483",30,"NODE_0000097","474","475","0.10384",40.1499999999635,"G1239A",1239,510,"brain_frontal",3.64999999999668,"plasma",30
"3489",30,"NODE_0000099","471","472","0.01274",3.64999999999668,"T255C",255,510,"plasma",0,"plasma",30
"3499",30,"NODE_0000103","471","473","0.00715",3.64999999999668,"C27T",27,510,"plasma",0,"plasma",30
"3505",30,"NODE_0000104","471","476","0.00257",0,"T558C",558,510,"plasma",0,"plasma",30
"3515",30,"NODE_0000105","476","477","0.01133",3.64999999999668,"C1213G",1213,510,"plasma",0,"plasma",30
"3525",30,"NODE_0000105","476","477","0.01133",3.64999999999668,"C1220A",1220,510,"plasma",0,"plasma",30
"3535",30,"NODE_0000106","477","478","0.0475",21.8999999999801,"C278T",278,510,"plasma",3.64999999999668,"plasma",30
"3543",30,"NODE_0000106","477","478","0.0475",21.8999999999801,"A417G",417,510,"plasma",3.64999999999668,"plasma",30
"3553",30,"NODE_0000106","477","478","0.0475",21.8999999999801,"C558T",558,510,"plasma",3.64999999999668,"plasma",30
"3563",30,"NODE_0000106","477","478","0.0475",21.8999999999801,"T1287C",1287,510,"plasma",3.64999999999668,"plasma",30
"3583",30,"NODE_0000108","476","479","0.04407",18.2499999999834,"A194G",194,510,"plasma",0,"plasma",30
"3591",30,"NODE_0000108","476","479","0.04407",18.2499999999834,"A388G",388,510,"plasma",0,"plasma",30
"3597",30,"NODE_0000108","476","479","0.04407",18.2499999999834,"G394A",394,510,"plasma",0,"plasma",30
"3611",30,"NODE_0000109","479","480","0.06292",40.1499999999635,"C27T",27,510,"plasma",18.2499999999834,"plasma",30
"3617",30,"NODE_0000109","479","480","0.06292",40.1499999999635,"T393G",393,510,"plasma",18.2499999999834,"plasma",30
"3619",30,"NODE_0000109","479","480","0.06292",40.1499999999635,"G430A",430,510,"plasma",18.2499999999834,"plasma",30
"3621",30,"NODE_0000110","476","481","0.00336",0,"T1242C",1242,510,"plasma",0,"plasma",30
"3625",30,"NODE_0000121","432","433","0.0736",18.2499999999834,"C27T",27,510,"brain_temporal",-7.29999999999336,"CD14",30
"3631",30,"NODE_0000121","432","433","0.0736",18.2499999999834,"A900G",900,510,"brain_temporal",-7.29999999999336,"CD14",30
"3649",30,"NODE_0000122","432","442","0.0217",0,"G1239A",1239,510,"plasma",-7.29999999999336,"CD14",30
"3655",30,"NODE_0000122","432","442","0.0217",0,"A1260T",1260,510,"plasma",-7.29999999999336,"CD14",30
"3659",30,"NODE_0000124","442","443","0.00809",3.64999999999668,"A516G",516,510,"CD14",0,"plasma",30
"3673",30,"NODE_0000125","443","444","0.00801",3.64999999999668,"T255C",255,510,"CD14",3.64999999999668,"CD14",30
"3683",30,"NODE_0000126","444","445","0.02436",14.5999999999867,"C444T",444,510,"CD14",3.64999999999668,"CD14",30
"3687",30,"NODE_0000128","442","446","0.00729",0,"G951T",951,510,"plasma",0,"plasma",30
"3697",30,"NODE_0000130","446","447","0.05391",21.8999999999801,"C27T",27,510,"CD3",0,"plasma",30
"3703",30,"NODE_0000130","446","447","0.05391",21.8999999999801,"A388G",388,510,"CD3",0,"plasma",30
"3709",30,"NODE_0000130","446","447","0.05391",21.8999999999801,"T393G",393,510,"CD3",0,"plasma",30
"3711",30,"NODE_0000130","446","447","0.05391",21.8999999999801,"T850C",850,510,"CD3",0,"plasma",30
"3715",30,"NODE_0000131","447","448","0.10837",62.0500000000266,"C278T",278,510,"CD3",21.8999999999801,"CD3",30
"3723",30,"NODE_0000131","447","448","0.10837",62.0500000000266,"G394A",394,510,"CD3",21.8999999999801,"CD3",30
"3737",30,"NODE_0000131","447","448","0.10837",62.0500000000266,"A516G",516,510,"CD3",21.8999999999801,"CD3",30
"3751",30,"NODE_0000134","432","434","0.03257",3.64999999999668,"G1183A",1183,510,"brain_parietal",-7.29999999999336,"CD14",30
"3763",30,"NODE_0000134","432","434","0.03257",3.64999999999668,"C1220A",1220,510,"brain_parietal",-7.29999999999336,"CD14",30
"3773",30,"NODE_0000134","432","434","0.03257",3.64999999999668,"G1226A",1226,510,"brain_parietal",-7.29999999999336,"CD14",30
"3785",30,"NODE_0000137","435","436","0.00852",0,"C444T",444,510,"brain_parietal",-3.64999999999668,"brain_parietal",30
"3789",30,"NODE_0000138","436","437","0.00584",3.64999999999668,"G12A",12,510,"brain_parietal",0,"brain_parietal",30
"3795",30,"NODE_0000139","437","438","0.10379",40.1499999999635,"C255T",255,510,"bone_marrow",3.64999999999668,"brain_parietal",30
"3805",30,"NODE_0000139","437","438","0.10379",40.1499999999635,"A257G",257,510,"bone_marrow",3.64999999999668,"brain_parietal",30
"3811",30,"NODE_0000139","437","438","0.10379",40.1499999999635,"A516G",516,510,"bone_marrow",3.64999999999668,"brain_parietal",30
"3825",30,"NODE_0000139","437","438","0.10379",40.1499999999635,"A900G",900,510,"bone_marrow",3.64999999999668,"brain_parietal",30
"3843",30,"NODE_0000140","437","439","0.00548",3.64999999999668,"C558T",558,510,"brain_parietal",3.64999999999668,"brain_parietal",30
"3853",30,"NODE_0000141","439","440","0.01405",10.94999999999,"T165C",165,510,"brain_parietal",3.64999999999668,"brain_parietal",30
"3857",30,"NODE_0000142","440","441","0.0962",43.7999999999602,"C255T",255,510,"brain_parietal",10.94999999999,"brain_parietal",30
"3867",30,"NODE_0000142","440","441","0.0962",43.7999999999602,"A257G",257,510,"brain_parietal",10.94999999999,"brain_parietal",30
"3873",30,"NODE_0000142","440","441","0.0962",43.7999999999602,"G583A",583,510,"brain_parietal",10.94999999999,"brain_parietal",30
"3879",30,"NODE_0000142","440","441","0.0962",43.7999999999602,"A606G",606,510,"brain_parietal",10.94999999999,"brain_parietal",30
"3889",30,"NODE_0000151","407","408","0.04659",3.64999999999668,"T684C",684,510,"plasma",-14.5999999999867,"plasma",30
"3891",30,"NODE_0000151","407","408","0.04659",3.64999999999668,"T850C",850,510,"plasma",-14.5999999999867,"plasma",30
"3895",30,"NODE_0000151","407","408","0.04659",3.64999999999668,"C960T",960,510,"plasma",-14.5999999999867,"plasma",30
"3907",30,"NODE_0000152","407","409","0.04574",0,"G430A",430,510,"CD14",-14.5999999999867,"plasma",30
"3909",30,"NODE_0000152","407","409","0.04574",0,"G943A",943,510,"CD14",-14.5999999999867,"plasma",30
"3913",30,"NODE_0000152","407","409","0.04574",0,"C960G",960,510,"CD14",-14.5999999999867,"plasma",30
"3925",30,"NODE_0000154","410","415","0.04897",0,"C558T",558,510,"plasma",-18.2499999999834,"plasma",30
"3935",30,"NODE_0000154","410","415","0.04897",0,"G583A",583,510,"plasma",-18.2499999999834,"plasma",30
"3941",30,"NODE_0000154","410","415","0.04897",0,"A606G",606,510,"plasma",-18.2499999999834,"plasma",30
"3951",30,"NODE_0000155","415","416","0.00851",3.64999999999668,"C165T",165,510,"plasma",0,"plasma",30
"3955",30,"NODE_0000156","416","417","0.00934",3.64999999999668,"T684C",684,510,"plasma",3.64999999999668,"plasma",30
"3957",30,"NODE_0000157","415","418","0.01039",3.64999999999668,"C27T",27,510,"plasma",0,"plasma",30
"3963",30,"NODE_0000158","418","419","0.10204",40.1499999999635,"G951T",951,510,"plasma",3.64999999999668,"plasma",30
"3973",30,"NODE_0000158","418","419","0.10204",40.1499999999635,"C960T",960,510,"plasma",3.64999999999668,"plasma",30
"3985",30,"NODE_0000161","410","411","0.05825",3.64999999999668,"C1395T",1395,510,"plasma",-18.2499999999834,"plasma",30
"3989",30,"NODE_0000163","410","412","0.05734",3.64999999999668,"T684C",684,510,"plasma",-18.2499999999834,"plasma",30
"3991",30,"NODE_0000165","412","413","0.00801",3.64999999999668,"G583A",583,510,"CD14",3.64999999999668,"plasma",30
"3997",30,"NODE_0000166","413","414","0.01769",10.94999999999,"C27T",27,510,"CD14",3.64999999999668,"CD14",30
"4003",30,"NODE_0000168","420","421","0.0459",3.64999999999668,"C27T",27,510,"plasma",-14.5999999999867,"plasma",30
"4009",30,"NODE_0000168","420","421","0.0459",3.64999999999668,"C165T",165,510,"plasma",-14.5999999999867,"plasma",30
"4013",30,"NODE_0000171","422","424","0.02906",3.64999999999668,"G1239A",1239,510,"brain_frontal",-7.29999999999336,"brain_frontal",30
"4019",30,"NODE_0000171","422","424","0.02906",3.64999999999668,"A1260T",1260,510,"brain_frontal",-7.29999999999336,"brain_frontal",30
"4023",30,"NODE_0000178","422","423","0.03117",3.64999999999668,"G1183A",1183,510,"brain_frontal",-7.29999999999336,"brain_frontal",30
"4035",30,"NODE_0000179","422","425","0.02143",0,"T129C",129,510,"brain_frontal",-7.29999999999336,"brain_frontal",30
"4041",30,"NODE_0000179","422","425","0.02143",0,"G133A",133,510,"brain_frontal",-7.29999999999336,"brain_frontal",30
"4051",30,"NODE_0000179","422","425","0.02143",0,"G135T",135,510,"brain_frontal",-7.29999999999336,"brain_frontal",30
"4061",30,"NODE_0000180","425","426","0.00778",3.64999999999668,"G83A",83,510,"brain_frontal",0,"brain_frontal",30
"4065",30,"NODE_0000181","426","427","0.0212",10.94999999999,"T18C",18,510,"plasma",3.64999999999668,"brain_frontal",30
"4067",30,"NODE_0000181","426","427","0.0212",10.94999999999,"C552T",552,510,"plasma",3.64999999999668,"brain_frontal",30
"4073",30,"NODE_0000182","427","428","0.01552",14.5999999999867,"T684C",684,510,"plasma",10.94999999999,"plasma",30
"4075",30,"NODE_0000183","427","429","0.01853",18.2499999999834,"C165T",165,510,"plasma",10.94999999999,"plasma",30
"4079",30,"NODE_0000183","427","429","0.01853",18.2499999999834,"G951T",951,510,"plasma",10.94999999999,"plasma",30
"4089",30,"NODE_0000184","429","430","0.05901",36.4999999999668,"C960T",960,510,"plasma",18.2499999999834,"plasma",30
"4101",30,"NODE_0000186","402","403","0.06609",0,"C27T",27,510,"CD3",-21.8999999999801,"plasma",30
"4107",30,"NODE_0000186","402","403","0.06609",0,"G257A",257,510,"CD3",-21.8999999999801,"plasma",30
"4113",30,"NODE_0000194","389","390","0.01886",0,"G951T",951,510,"CD3",-7.29999999999336,"CD3",30
"4123",30,"NODE_0000195","390","391","0.00778",3.64999999999668,"C960T",960,510,"CD3",0,"CD3",30
"4135",30,"NODE_0000197","391","392","0.01059",7.29999999999336,"G583A",583,510,"CD3",3.64999999999668,"CD3",30
"4141",30,"NODE_0000198","386","393","0.07597",0,"C558T",558,510,"plasma",-25.5499999999768,"brain_parietal",30
"4151",30,"NODE_0000198","386","393","0.07597",0,"G583A",583,510,"plasma",-25.5499999999768,"brain_parietal",30
"4157",30,"NODE_0000198","386","393","0.07597",0,"A606G",606,510,"plasma",-25.5499999999768,"brain_parietal",30
"4167",30,"NODE_0000203","393","394","0.00832",3.64999999999668,"A15G",15,510,"bone_marrow",0,"plasma",30
"4179",30,"NODE_0000204","393","395","0.0024",0,"T684C",684,510,"plasma",0,"plasma",30
"4181",30,"NODE_0000205","395","396","0.11688",43.7999999999602,"G12A",12,510,"CD14",0,"plasma",30
"4187",30,"NODE_0000205","395","396","0.11688",43.7999999999602,"G1171A",1171,510,"CD14",0,"plasma",30
"4195",30,"NODE_0000205","395","396","0.11688",43.7999999999602,"G1183A",1183,510,"CD14",0,"plasma",30
"4207",30,"NODE_0000209","395","397","0.01403",7.29999999999336,"G388A",388,510,"bone_marrow",0,"plasma",30
"4213",30,"NODE_0000209","395","397","0.01403",7.29999999999336,"C390T",390,510,"bone_marrow",0,"plasma",30
"4225",30,"NODE_0000209","395","397","0.01403",7.29999999999336,"G393T",393,510,"bone_marrow",0,"plasma",30
"4227",30,"NODE_0000211","397","398","0.07853",36.4999999999668,"C27T",27,510,"bone_marrow",7.29999999999336,"bone_marrow",30
"4233",30,"NODE_0000211","397","398","0.07853",36.4999999999668,"G280A",280,510,"bone_marrow",7.29999999999336,"bone_marrow",30
"4237",30,"NODE_0000211","397","398","0.07853",36.4999999999668,"G1171A",1171,510,"bone_marrow",7.29999999999336,"bone_marrow",30
"4245",30,"NODE_0000211","397","398","0.07853",36.4999999999668,"G1183A",1183,510,"bone_marrow",7.29999999999336,"bone_marrow",30
"4257",30,"NODE_0000212","397","399","0.01377",10.94999999999,"A583G",583,510,"plasma",7.29999999999336,"bone_marrow",30
"4263",30,"NODE_0000213","399","400","0.06599",36.4999999999668,"T558C",558,510,"CD3",10.94999999999,"plasma",30
"4273",30,"NODE_0000213","399","400","0.06599",36.4999999999668,"G606A",606,510,"CD3",10.94999999999,"plasma",30
"4283",30,"NODE_0000215","386","387","0.07161",0,"C444T",444,510,"brain_temporal",-25.5499999999768,"brain_parietal",30
"4287",30,"NODE_0000216","387","388","0.00828",3.64999999999668,"C27T",27,510,"brain_temporal",0,"brain_temporal",30
"4293",30,"NODE_0000222","378","379","0.14012",3.64999999999668,"G12A",12,510,"BAL",-47.4500000000398,"plasma",30
"4299",30,"NODE_0000222","378","379","0.14012",3.64999999999668,"T1242C",1242,510,"BAL",-47.4500000000398,"plasma",30
"4303",30,"NODE_0000222","378","379","0.14012",3.64999999999668,"G1387A",1387,510,"BAL",-47.4500000000398,"plasma",30
"4315",30,"NODE_0000225","380","381","0.05034",0,"C960T",960,510,"CD3",-18.2499999999834,"CD3",30
"4327",30,"NODE_0000226","381","382","0.00747",0,"T18C",18,510,"CD3",0,"CD3",30
"4329",30,"NODE_0000228","382","383","0.06362",25.5499999999768,"A1000G",1000,510,"brain_temporal",0,"CD3",30
"4337",30,"NODE_0000228","382","383","0.06362",25.5499999999768,"G1038A",1038,510,"brain_temporal",0,"CD3",30
"4347",30,"NODE_0000231","366","367","0.13883",0,"A900G",900,510,"plasma",-47.4500000000398,"plasma",30
"4365",30,"NODE_0000233","368","369","0.11119",3.64999999999668,"A417G",417,510,"brain_frontal",-36.4999999999668,"brain_frontal",30
"4375",30,"NODE_0000233","368","369","0.11119",3.64999999999668,"T684C",684,510,"brain_frontal",-36.4999999999668,"brain_frontal",30
"4377",30,"NODE_0000236","370","371","0.07516",3.64999999999668,"G1171A",1171,510,"CD14",-21.8999999999801,"CD14",30
"4385",30,"NODE_0000236","370","371","0.07516",3.64999999999668,"G1183A",1183,510,"CD14",-21.8999999999801,"CD14",30
"4397",30,"NODE_0000239","373","374","0.01854",3.64999999999668,"A277T",277,510,"BAL",-3.64999999999668,"BAL",30
"4403",30,"NODE_0000239","373","374","0.01854",3.64999999999668,"T278C",278,510,"BAL",-3.64999999999668,"BAL",30
"4411",30,"NODE_0000239","373","374","0.01854",3.64999999999668,"C444T",444,510,"BAL",-3.64999999999668,"BAL",30
"4415",30,"NODE_0000241","375","376","0.14364",54.7500000000332,"G12A",12,510,"plasma",3.64999999999668,"BAL",30
"4421",30,"NODE_0000241","375","376","0.14364",54.7500000000332,"A280G",280,510,"plasma",3.64999999999668,"BAL",30
"4425",30,"NODE_0000241","375","376","0.14364",54.7500000000332,"T552C",552,510,"plasma",3.64999999999668,"BAL",30
"4431",30,"NODE_0000243","375","377","0.02702",14.5999999999867,"G83A",83,510,"BAL",3.64999999999668,"BAL",30
"4435",30,"NODE_0000243","375","377","0.02702",14.5999999999867,"T850C",850,510,"BAL",3.64999999999668,"BAL",30
"4439",30,"NODE_0000250","316","317","0.07016",3.64999999999668,"T27C",27,510,"CD14",-21.8999999999801,"CD14",30
"4445",30,"NODE_0000250","316","317","0.07016",3.64999999999668,"C129T",129,510,"CD14",-21.8999999999801,"CD14",30
"4451",30,"NODE_0000250","316","317","0.07016",3.64999999999668,"A133G",133,510,"CD14",-21.8999999999801,"CD14",30
"4461",30,"NODE_0000250","316","317","0.07016",3.64999999999668,"T135G",135,510,"CD14",-21.8999999999801,"CD14",30
"4471",30,"NODE_0000250","316","317","0.07016",3.64999999999668,"A277T",277,510,"CD14",-21.8999999999801,"CD14",30
"4477",30,"NODE_0000250","316","317","0.07016",3.64999999999668,"T278C",278,510,"CD14",-21.8999999999801,"CD14",30
"4485",30,"NODE_0000252","318","319","0.07515",0,"A457G",457,510,"meninges",-25.5499999999768,"CD14",30
"4497",30,"NODE_0000252","318","319","0.07515",0,"C470A",470,510,"meninges",-25.5499999999768,"CD14",30
"4509",30,"NODE_0000252","318","319","0.07515",0,"A499G",499,510,"meninges",-25.5499999999768,"CD14",30
"4527",30,"NODE_0000252","318","319","0.07515",0,"T510A",510,510,"meninges",-25.5499999999768,"CD14",30
"4537",30,"NODE_0000252","318","319","0.07515",0,"A535G",535,510,"meninges",-25.5499999999768,"CD14",30
"4557",30,"NODE_0000252","318","319","0.07515",0,"G536A",536,510,"meninges",-25.5499999999768,"CD14",30
"4569",30,"NODE_0000252","318","319","0.07515",0,"A542G",542,510,"meninges",-25.5499999999768,"CD14",30
"4587",30,"NODE_0000252","318","319","0.07515",0,"T567C",567,510,"meninges",-25.5499999999768,"CD14",30
"4599",30,"NODE_0000252","318","319","0.07515",0,"G606A",606,510,"meninges",-25.5499999999768,"CD14",30
"4609",30,"NODE_0000252","318","319","0.07515",0,"A619G",619,510,"meninges",-25.5499999999768,"CD14",30
"4617",30,"NODE_0000253","319","320","0.00485",3.64999999999668,"G474A",474,510,"meninges",0,"meninges",30
"4631",30,"NODE_0000266","321","322","0.00594",3.64999999999668,"T1291C",1291,510,"CD14",3.64999999999668,"CD14",30
"4647",30,"NODE_0000267","322","323","0.09053",40.1499999999635,"A1183G",1183,510,"CD14",3.64999999999668,"CD14",30
"4659",30,"NODE_0000267","322","323","0.09053",40.1499999999635,"A1213G",1213,510,"CD14",3.64999999999668,"CD14",30
"4669",30,"NODE_0000267","322","323","0.09053",40.1499999999635,"C1214T",1214,510,"CD14",3.64999999999668,"CD14",30
"4673",30,"NODE_0000267","322","323","0.09053",40.1499999999635,"G1216A",1216,510,"CD14",3.64999999999668,"CD14",30
"4677",30,"NODE_0000267","322","323","0.09053",40.1499999999635,"A1220C",1220,510,"CD14",3.64999999999668,"CD14",30
"4687",30,"NODE_0000267","322","323","0.09053",40.1499999999635,"A1226G",1226,510,"CD14",3.64999999999668,"CD14",30
"4699",30,"NODE_0000267","322","323","0.09053",40.1499999999635,"A1244G",1244,510,"CD14",3.64999999999668,"CD14",30
"4703",30,"NODE_0000267","322","323","0.09053",40.1499999999635,"T1254C",1254,510,"CD14",3.64999999999668,"CD14",30
"4707",60,"061D03KR01","398","117","0.07076",62.0500000000266,"G12A",12,510,"CD3",36.4999999999668,"bone_marrow",60
"4713",60,"061D03KR01","398","117","0.07076",62.0500000000266,"G430A",430,510,"CD3",36.4999999999668,"bone_marrow",60
"4715",60,"061D03KR01","398","117","0.07076",62.0500000000266,"A1000G",1000,510,"CD3",36.4999999999668,"bone_marrow",60
"4723",60,"061D03KR01","398","117","0.07076",62.0500000000266,"G1038A",1038,510,"CD3",36.4999999999668,"bone_marrow",60
"4733",60,"061D03OR07","489","285","0.06076",62.0500000000266,"G1387A",1387,510,"CD14",40.1499999999635,"CD14",60
"4745",60,"061D03PR05","480","271","0.0587",62.0500000000266,"C558T",558,510,"plasma",40.1499999999635,"plasma",60
"4755",60,"061D03PR05","480","271","0.0587",62.0500000000266,"T684C",684,510,"plasma",40.1499999999635,"plasma",60
"4757",60,"075D03AR03","441","184","0.08408",76.6500000000133,"T444C",444,510,"brain_parietal",43.7999999999602,"brain_parietal",60
"4761",60,"075D03AR08","396","115","0.08479",76.6500000000133,"T1242C",1242,510,"brain_parietal",43.7999999999602,"CD14",60
"4765",60,"075D03BR13","398","118","0.10912",76.6500000000133,"A1260T",1260,510,"bone_marrow",36.4999999999668,"bone_marrow",60
"4769",60,"075D03BR13","398","118","0.10912",76.6500000000133,"C444T",444,510,"bone_marrow",36.4999999999668,"bone_marrow",60
"4773",60,"075D03FR14","475","266","0.09604",76.6500000000133,"C27T",27,510,"brain_frontal",40.1499999999635,"brain_frontal",60
"4779",60,"075D03JR04","469","252","0.07114",76.6500000000133,"T30C",30,510,"lymph_node",47.4500000000398,"lymph_node",60
"4783",60,"075D03KR03","400","120","0.10788",76.6500000000133,"C36T",36,510,"CD3",36.4999999999668,"CD3",60
"4785",60,"075D03KR03","400","120","0.10788",76.6500000000133,"A516G",516,510,"CD3",36.4999999999668,"CD3",60
"4799",60,"075D03KR03","400","120","0.10788",76.6500000000133,"C960T",960,510,"CD3",36.4999999999668,"CD3",60
"4811",60,"075D03KR03","400","120","0.10788",76.6500000000133,"A417G",417,510,"CD3",36.4999999999668,"CD3",60
"4821",60,"075D03KR04","400","121","0.10788",76.6500000000133,"G12A",12,510,"CD3",36.4999999999668,"CD3",60
"4827",60,"075D03KR04","400","121","0.10788",76.6500000000133,"T1242C",1242,510,"CD3",36.4999999999668,"CD3",60
"4831",60,"075D03KR04","400","121","0.10788",76.6500000000133,"C1395T",1395,510,"CD3",36.4999999999668,"CD3",60
"4835",60,"075D03KR04","400","121","0.10788",76.6500000000133,"C684T",684,510,"CD3",36.4999999999668,"CD3",60
"4837",60,"075D03KR16","508","310","0.09935",76.6500000000133,"A900G",900,510,"CD3",40.1499999999635,"lymph_node",60
"4855",60,"075D03OR16","324","23","0.04074",76.6500000000133,"A460G",460,510,"CD14",58.4000000000299,"CD14",60
"4863",60,"075D03OR16","324","23","0.04074",76.6500000000133,"G1183A",1183,510,"CD14",58.4000000000299,"CD14",60
"4875",60,"075D03OR21","489","286","0.09912",76.6500000000133,"T255C",255,510,"CD14",40.1499999999635,"CD14",60
"4885",60,"075D03OR21","489","286","0.09912",76.6500000000133,"G1183A",1183,510,"CD14",40.1499999999635,"CD14",60
"4897",60,"075D03PR05","480","272","0.09706",76.6500000000133,"T1242C",1242,510,"plasma",40.1499999999635,"plasma",60
"4901",60,"075D03PR05","480","272","0.09706",76.6500000000133,"G194A",194,510,"plasma",40.1499999999635,"plasma",60
"4909",60,"075D03PR09","509","312","0.066",76.6500000000133,"C1395T",1395,510,"plasma",51.1000000000365,"lymph_node",60
"4913",60,"075D03PR13","430","165","0.10131",76.6500000000133,"T684C",684,510,"plasma",36.4999999999668,"plasma",60
"4915",60,"075D03PR13","430","165","0.10131",76.6500000000133,"A430G",430,510,"plasma",36.4999999999668,"plasma",60
"4917",60,"075D03UR21","324","24","0.04074",76.6500000000133,"T960C",960,510,"BAL",58.4000000000299,"CD14",60
"4929",60,"075D03UR21","324","24","0.04074",76.6500000000133,"T951G",951,510,"BAL",58.4000000000299,"CD14",60
"4939",60,"NODE_0000076","508","509","0.03336",51.1000000000365,"C850T",850,510,"lymph_node",40.1499999999635,"lymph_node",60
"4943",60,"NODE_0000268","323","324","0.05924",58.4000000000299,"A943G",943,510,"CD14",40.1499999999635,"CD14",60
"4947",60,"NODE_0000268","323","324","0.05924",58.4000000000299,"G960T",960,510,"CD14",40.1499999999635,"CD14",60
"4959",60,"NODE_0000268","323","324","0.05924",58.4000000000299,"G1213C",1213,510,"CD14",40.1499999999635,"CD14",60
