"","window","label","parent","node","branch.length","end_dpi","mut","site","num_branches","end_tissue","origin_dpi","origin_tissue","max_win"
"1",30,"021N01Kc_12","484","55","0.02863",21.8999999999801,"C960T",960,725,"CD3",10.94999999999,"plasma",30
"9",30,"021N01Kc_16","451","5","0.06164",21.8999999999801,"C558T",558,725,"CD3",0,"CD3",30
"17",30,"021N01Pc_103","493","67","0.05465",21.8999999999801,"G951T",951,725,"plasma",3.64999999999668,"plasma",30
"33",30,"021N01Pc_103","493","67","0.05465",21.8999999999801,"C1220A",1220,725,"plasma",3.64999999999668,"plasma",30
"37",30,"NODE_0000002","499","500","0.00282",10.94999999999,"A257G",257,725,"plasma",10.94999999999,"plasma",30
"43",30,"NODE_0000064","481","482","0.06934",0,"G951T",951,725,"plasma",-25.5499999999768,"plasma",30
"59",30,"NODE_0000070","485","486","0.08046",10.94999999999,"C1220A",1220,725,"plasma",-18.2499999999834,"plasma",30
"63",30,"NODE_0000073","487","488","0.06274",18.2499999999834,"A516G",516,725,"bone_marrow",-3.64999999999668,"plasma",30
"67",30,"NODE_0000074","487","489","0.06857",21.8999999999801,"T558C",558,725,"plasma",-3.64999999999668,"plasma",30
"75",30,"NODE_0000085","450","452","0.07057",21.8999999999801,"C960T",960,725,"BAL",-3.64999999999668,"CD3",30
"83",30,"NODE_0000091","453","454","0.06838",21.8999999999801,"A257G",257,725,"BAL",-3.64999999999668,"BAL",30
"89",30,"NODE_0000134","509","510","0.05129",14.5999999999867,"C1220A",1220,725,"CD3",-3.64999999999668,"CD3",30
"93",30,"NODE_0000147","517","518","0.01615",3.64999999999668,"C558T",558,725,"CD3",-3.64999999999668,"CD3",30
"101",30,"NODE_0000147","517","518","0.01615",3.64999999999668,"A606G",606,725,"CD3",-3.64999999999668,"CD3",30
"113",30,"NODE_0000152","521","523","0.04556",21.8999999999801,"G951T",951,725,"plasma",3.64999999999668,"CD3",30
"129",30,"NODE_0000156","521","522","0.04384",21.8999999999801,"A206G",206,725,"CD3",3.64999999999668,"CD3",30
"131",30,"NODE_0000160","527","528","0.00616",10.94999999999,"C1220A",1220,725,"CD3",7.29999999999336,"CD3",30
"135",30,"NODE_0000169","528","533","0.00507",14.5999999999867,"G951T",951,725,"plasma",10.94999999999,"CD3",30
"151",60,"NODE_0000140","513","514","0.0913",54.7500000000332,"G951T",951,725,"CD3",21.8999999999801,"CD3",60
"167",60,"NODE_0000164","529","530","0.08489",51.1000000000365,"A206G",206,725,"plasma",18.2499999999834,"plasma",60
"169",60,"NODE_0000182","533","534","0.11293",54.7500000000332,"A206G",206,725,"plasma",14.5999999999867,"plasma",60
"171",60,"NODE_0000211","554","556","0.08082",51.1000000000365,"A206G",206,725,"BAL",21.8999999999801,"BAL",60
"173",90,"NODE_0000057","494","495","0.18522",87.6000000000033,"T558C",558,725,"CD3",21.8999999999801,"plasma",90
"181",90,"NODE_0000057","494","495","0.18522",87.6000000000033,"G594A",594,725,"CD3",21.8999999999801,"plasma",90
"189",90,"NODE_0000057","494","495","0.18522",87.6000000000033,"G606A",606,725,"CD3",21.8999999999801,"plasma",90
"201",90,"NODE_0000058","494","496","0.13982",73.0000000000166,"C1220A",1220,725,"plasma",21.8999999999801,"plasma",90
"205",90,"NODE_0000099","460","461","0.15204",76.6500000000133,"G951T",951,725,"BAL",21.8999999999801,"BAL",90
"221",90,"NODE_0000099","460","461","0.15204",76.6500000000133,"C960T",960,725,"BAL",21.8999999999801,"BAL",90
"229",90,"NODE_0000107","465","467","0.09038",87.6000000000033,"A257G",257,725,"BAL",54.7500000000332,"BAL",90
"235",90,"NODE_0000107","465","467","0.09038",87.6000000000033,"A516G",516,725,"BAL",54.7500000000332,"BAL",90
"239",90,"NODE_0000131","507","508","0.22361",69.3500000000199,"A516G",516,725,"bone_marrow",-10.94999999999,"CD3",90
"243",90,"NODE_0000177","536","537","0.18469",87.6000000000033,"A206G",206,725,"CD3",21.8999999999801,"plasma",90
"245",90,"NODE_0000177","536","537","0.18469",87.6000000000033,"G257A",257,725,"CD3",21.8999999999801,"plasma",90
"251",90,"NODE_0000292","612","616","0.04479",87.6000000000033,"C960T",960,725,"plasma",69.3500000000199,"plasma",90
"259",90,"NODE_0000299","619","620","0.02327",83.9500000000066,"G951T",951,725,"plasma",73.0000000000166,"plasma",90
"275",120,"092N01Bc_03","524","155","0.09998",91.25,"A206G",206,725,"bone_marrow",54.7500000000332,"plasma",120
"277",120,"092N01Bc_09","531","165","0.07867",91.25,"G951T",951,725,"bone_marrow",62.0500000000266,"plasma",120
"293",120,"092N01Bc_19","557","212","0.05743",91.25,"A1220C",1220,725,"bone_marrow",69.3500000000199,"plasma",120
"297",120,"092N01Bc_20","508","132","0.05787",91.25,"A606G",606,725,"bone_marrow",69.3500000000199,"bone_marrow",120
"309",120,"092N01Kc_01","514","141","0.10149",91.25,"A1220C",1220,725,"CD3",54.7500000000332,"CD3",120
"313",120,"092N01Kc_02","542","196","0.1555",91.25,"T558C",558,725,"CD3",32.8499999999701,"bone_marrow",120
"321",120,"092N01Kc_02","542","196","0.1555",91.25,"A1220C",1220,725,"CD3",32.8499999999701,"bone_marrow",120
"325",120,"092N01Kc_12","522","153","0.19187",91.25,"G257A",257,725,"CD3",21.8999999999801,"CD3",120
"331",120,"092N01Kc_22","509","134","0.262",91.25,"A516G",516,725,"CD3",-3.64999999999668,"CD3",120
"335",120,"092N01Kc_23","540","192","0.19209",91.25,"A1220C",1220,725,"CD3",21.8999999999801,"plasma",120
"339",120,"092N01Kc_24","536","178","0.1935",91.25,"T951G",951,725,"CD3",21.8999999999801,"plasma",120
"355",120,"092N01Pc_109","514","144","0.10149",91.25,"G594A",594,725,"plasma",54.7500000000332,"CD3",120
"363",120,"092N01Pc_115","533","171","0.21425",91.25,"C960T",960,725,"plasma",14.5999999999867,"plasma",120
"371",120,"092N01Pc_13","528","162","0.21933",91.25,"G606A",606,725,"plasma",10.94999999999,"CD3",120
"383",120,"098N01Uc_03","514","142","0.12149",98.5499999999934,"G206A",206,725,"BAL",54.7500000000332,"CD3",120
"385",120,"098N01Uc_18","533","172","0.23425",98.5499999999934,"A516G",516,725,"BAL",14.5999999999867,"plasma",120
"389",120,"NODE_0000108","467","468","0.08086",116.799999999977,"C960T",960,725,"BAL",87.6000000000033,"BAL",120
"397",120,"NODE_0000135","510","512","0.20849",91.25,"A516G",516,725,"CD3",14.5999999999867,"CD3",120
"401",120,"NODE_0000228","570","571","0.0324",91.25,"A516G",516,725,"CD3",76.6500000000133,"CD3",120
"405",120,"NODE_0000241","576","579","0.0323",91.25,"G951T",951,725,"plasma",76.6500000000133,"plasma",120
"421",120,"NODE_0000248","579","581","0.06428",113.14999999998,"G257A",257,725,"CD3",91.25,"plasma",120
"427",120,"NODE_0000283","608","609","0.07952",91.25,"A206G",206,725,"plasma",62.0500000000266,"plasma",120
"429",120,"NODE_0000288","612","614","0.05449",91.25,"G257A",257,725,"plasma",69.3500000000199,"plasma",120
"435",120,"NODE_0000302","621","622","0.00919",91.25,"C1220A",1220,725,"CD3",87.6000000000033,"CD3",120
"439",150,"NODE_0000060","497","498","0.0872",120.449999999973,"T558C",558,725,"CD14",87.6000000000033,"plasma",150
"447",150,"NODE_0000060","497","498","0.0872",120.449999999973,"G606A",606,725,"CD14",87.6000000000033,"plasma",150
"459",150,"NODE_0000117","471","472","0.07503",146.000000000033,"G951T",951,725,"BAL",120.449999999973,"BAL",150
"475",150,"NODE_0000117","471","472","0.07503",146.000000000033,"C960G",960,725,"BAL",120.449999999973,"BAL",150
"483",150,"NODE_0000245","579","582","0.09273",124.09999999997,"A206G",206,725,"bone_marrow",91.25,"plasma",150
"485",150,"NODE_0000257","586","587","0.09256",124.09999999997,"C558T",558,725,"plasma",91.25,"plasma",150
"493",150,"NODE_0000284","609","610","0.08237",120.449999999973,"C558T",558,725,"plasma",91.25,"plasma",150
"501",150,"NODE_0000284","609","610","0.08237",120.449999999973,"A606G",606,725,"plasma",91.25,"plasma",150
"513",150,"NODE_0000295","616","618","0.10269",124.09999999997,"G594A",594,725,"plasma",87.6000000000033,"plasma",150
"521",150,"NODE_0000297","612","613","0.13467",120.449999999973,"A516G",516,725,"bone_marrow",69.3500000000199,"plasma",150
"525",150,"NODE_0000328","645","646","0.02474",149.65000000003,"T951G",951,725,"plasma",138.70000000004,"plasma",150
"541",180,"NODE_0000076","489","491","0.41963",175.200000000007,"A257G",257,725,"CD3",21.8999999999801,"plasma",180
"547",180,"NODE_0000094","456","457","0.20179",164.250000000017,"G257A",257,725,"BAL",91.25,"BAL",180
"553",180,"NODE_0000234","573","574","0.43267",178.850000000003,"G951T",951,725,"CD3",21.8999999999801,"CD3",180
"569",180,"NODE_0000234","573","574","0.43267",178.850000000003,"C960T",960,725,"CD3",21.8999999999801,"CD3",180
"577",180,"NODE_0000244","579","580","0.2445",178.850000000003,"C558T",558,725,"CD3",91.25,"plasma",180
"585",180,"NODE_0000244","579","580","0.2445",178.850000000003,"C960T",960,725,"CD3",91.25,"plasma",180
"593",180,"NODE_0000246","582","583","0.15177",178.850000000003,"C960T",960,725,"bone_marrow",124.09999999997,"bone_marrow",180
"601",180,"NODE_0000263","588","592","0.01784",178.850000000003,"G951T",951,725,"plasma",171.55000000001,"plasma",180
"617",180,"NODE_0000294","616","617","0.25432",178.850000000003,"A606G",606,725,"CD3",87.6000000000033,"plasma",180
"629",180,"NODE_0000307","622","625","0.23889",178.850000000003,"G594A",594,725,"CD3",91.25,"CD3",180
"637",180,"NODE_0000329","646","647","0.02541",156.950000000023,"A516G",516,725,"plasma",149.65000000003,"plasma",180
"641",180,"NODE_0000334","619","648","0.28595",178.850000000003,"C1220-",1220,725,"plasma",73.0000000000166,"plasma",180
"645",210,"182N01Bc_03","571","232","0.25277",182.5,"G951T",951,725,"bone_marrow",91.25,"CD3",210
"661",210,"182N01Bc_08","610","285","0.1716",182.5,"G951T",951,725,"bone_marrow",120.449999999973,"plasma",210
"677",210,"182N01Bc_11","639","324","0.20295",182.5,"G257A",257,725,"bone_marrow",109.499999999983,"plasma",210
"683",210,"182N01Bc_11","639","324","0.20295",182.5,"T951G",951,725,"bone_marrow",109.499999999983,"plasma",210
"699",210,"182N01Bc_13","578","241","0.21616",182.5,"A516G",516,725,"bone_marrow",102.19999999999,"plasma",210
"703",210,"182N01Bc_15","582","248","0.16059",182.5,"A606G",606,725,"bone_marrow",124.09999999997,"bone_marrow",210
"715",210,"182N01Bc_15","582","248","0.16059",182.5,"G257A",257,725,"bone_marrow",124.09999999997,"bone_marrow",210
"721",210,"182N01Bc_16","621","301","0.26098",182.5,"G594A",594,725,"bone_marrow",87.6000000000033,"CD3",210
"729",210,"182N01Bc_17","613","291","0.17325",182.5,"G951T",951,725,"bone_marrow",120.449999999973,"bone_marrow",210
"745",210,"182N01Kc_10","620","300","0.27222",182.5,"G257A",257,725,"CD3",83.9500000000066,"plasma",210
"751",210,"182N01Kc_12","512","137","0.25222",182.5,"G257A",257,725,"CD3",91.25,"CD3",210
"757",210,"182N01Kc_17","640","325","0.18063",182.5,"C960T",960,725,"CD3",116.799999999977,"plasma",210
"765",210,"182N01Kc_17","640","325","0.18063",182.5,"A206G",206,725,"CD3",116.799999999977,"plasma",210
"767",210,"182N01Oc_03","518","148","0.49079",182.5,"C960T",960,725,"CD14",3.64999999999668,"CD3",210
"775",210,"182N01Oc_06","584","253","0.13891",182.5,"C960T",960,725,"CD14",131.399999999963,"plasma",210
"783",210,"182N01Oc_08","645","332","0.11762",182.5,"C558T",558,725,"CD14",138.70000000004,"plasma",210
"791",210,"182N01Oc_10","498","73","0.17443",182.5,"G594A",594,725,"CD14",120.449999999973,"CD14",210
"799",210,"182N01Oc_10","498","73","0.17443",182.5,"A257G",257,725,"CD14",120.449999999973,"CD14",210
"805",210,"182N01Oc_12","457","17","0.05319",182.5,"A516G",516,725,"CD14",164.250000000017,"BAL",210
"809",210,"182N01Pc_04","496","70","0.30422",182.5,"A257G",257,725,"plasma",73.0000000000166,"plasma",210
"815",210,"182N01Pc_101","525","156","0.25775",182.5,"G606A",606,725,"plasma",87.6000000000033,"plasma",210
"827",210,"182N01Pc_104","497","71","0.26163",182.5,"G951T",951,725,"plasma",87.6000000000033,"plasma",210
"843",210,"182N01Pc_105","610","286","0.1716",182.5,"G257A",257,725,"plasma",120.449999999973,"plasma",210
"849",210,"182N01Pc_105","610","286","0.1716",182.5,"G594A",594,725,"plasma",120.449999999973,"plasma",210
"857",210,"182N01Pc_107","614","292","0.25343",182.5,"C1220A",1220,725,"plasma",91.25,"plasma",210
"861",210,"182N01Pc_108","576","238","0.28561",182.5,"C558T",558,725,"plasma",76.6500000000133,"plasma",210
"869",210,"182N01Pc_108","576","238","0.28561",182.5,"A516G",516,725,"plasma",76.6500000000133,"plasma",210
"873",210,"182N01Pc_109","578","242","0.21616",182.5,"G594A",594,725,"plasma",102.19999999999,"plasma",210
"881",210,"182N01Pc_113","641","326","0.15914",182.5,"G594A",594,725,"plasma",124.09999999997,"plasma",210
"889",210,"182N01Pc_116","525","157","0.25775",182.5,"G257A",257,725,"plasma",87.6000000000033,"plasma",210
"895",210,"182N01Pc_116","525","157","0.25775",182.5,"A516G",516,725,"plasma",87.6000000000033,"plasma",210
"899",210,"182N01Pc_14","612","289","0.30792",182.5,"A606G",606,725,"plasma",69.3500000000199,"plasma",210
"911",210,"182N01Pc_16","579","243","0.25331",182.5,"A516G",516,725,"plasma",91.25,"plasma",210
"915",210,"182N01Pc_18","569","230","0.34912",182.5,"C1220A",1220,725,"plasma",54.7500000000332,"CD3",210
"919",210,"189N01Uc_05","467","31","0.28283",189.799999999993,"A606G",606,725,"BAL",87.6000000000033,"BAL",210
"931",210,"189N01Uc_05","467","31","0.28283",189.799999999993,"C558T",558,725,"BAL",87.6000000000033,"BAL",210
"939",210,"189N01Uc_07","463","25","0.46047",189.799999999993,"A606G",606,725,"BAL",21.8999999999801,"BAL",210
"951",210,"189N01Uc_09","468","33","0.20196",189.799999999993,"G516A",516,725,"BAL",116.799999999977,"BAL",210
"955",210,"189N01Uc_09","468","33","0.20196",189.799999999993,"C558T",558,725,"BAL",116.799999999977,"BAL",210
"963",210,"189N01Uc_09","468","33","0.20196",189.799999999993,"G951T",951,725,"BAL",116.799999999977,"BAL",210
"979",210,"189N01Uc_13","460","21","0.46",189.799999999993,"A516G",516,725,"BAL",21.8999999999801,"BAL",210
"983",210,"189N01Uc_15","456","16","0.27498",189.799999999993,"A516G",516,725,"BAL",91.25,"BAL",210
"987",210,"189N01Uc_16","463","26","0.46047",189.799999999993,"G951T",951,725,"BAL",21.8999999999801,"BAL",210
"1003",210,"189N01Uc_19","469","35","0.27033",189.799999999993,"G516A",516,725,"BAL",91.25,"BAL",210
"1007",210,"189N01Uc_20","454","14","0.4604",189.799999999993,"C558T",558,725,"BAL",21.8999999999801,"BAL",210
"1015",210,"189N01Uc_20","454","14","0.4604",189.799999999993,"A606G",606,725,"BAL",21.8999999999801,"BAL",210
"1027",210,"189N01Uc_20","454","14","0.4604",189.799999999993,"G951T",951,725,"BAL",21.8999999999801,"BAL",210
"1043",210,"189N01Uc_20","454","14","0.4604",189.799999999993,"C960G",960,725,"BAL",21.8999999999801,"BAL",210
"1051",210,"NODE_0000113","469","470","0.24799",182.5,"G951T",951,725,"BAL",91.25,"BAL",210
"1067",210,"NODE_0000113","469","470","0.24799",182.5,"C960T",960,725,"BAL",91.25,"BAL",210
"1075",210,"NODE_0000331","641","642","0.15811",182.5,"T951G",951,725,"plasma",124.09999999997,"plasma",210
"1091",270,"NODE_0000122","476","477","0.07928",251.85000000002,"T951G",951,725,"BAL",222.649999999963,"BAL",270
"1107",270,"NODE_0000259","588","590","0.21513",251.85000000002,"C1220A",1220,725,"plasma",171.55000000001,"plasma",270
"1111",270,"NODE_0000266","593","594","0.04695",240.90000000003,"C1220-",1220,725,"plasma",222.649999999963,"plasma",270
"1115",270,"NODE_0000267","594","595","0.07649",266.450000000007,"A206G",206,725,"plasma",240.90000000003,"plasma",270
"1117",270,"NODE_0000267","594","595","0.07649",266.450000000007,"-1220A",1220,725,"plasma",240.90000000003,"plasma",270
"1121",270,"NODE_0000271","592","598","0.16528",240.90000000003,"C558T",558,725,"plasma",178.850000000003,"plasma",270
"1129",270,"NODE_0000271","592","598","0.16528",240.90000000003,"C960T",960,725,"plasma",178.850000000003,"plasma",270
"1137",270,"NODE_0000272","598","599","0.05841",259.150000000013,"A606G",606,725,"plasma",240.90000000003,"plasma",270
"1149",270,"NODE_0000319","635","636","0.03999",255.500000000017,"T951G",951,725,"CD3",240.90000000003,"plasma",270
"1165",270,"NODE_0000387","648","689","0.1692",240.90000000003,"G951T",951,725,"plasma",178.850000000003,"plasma",270
"1181",270,"NODE_0000388","689","690","0.04245",255.500000000017,"-1220C",1220,725,"plasma",240.90000000003,"plasma",270
"1185",270,"NODE_0000389","690","691","0.02942",266.450000000007,"A516G",516,725,"CD3",255.500000000017,"plasma",270
"1189",300,"NODE_0000231","566","567","0.78814",299.299999999977,"C1220-",1220,725,"CD3",10.94999999999,"CD3",300
"1193",300,"NODE_0000337","648","649","0.33047",299.299999999977,"G594A",594,725,"plasma",178.850000000003,"plasma",300
"1201",300,"NODE_0000397","689","696","0.0762",270.100000000003,"C960T",960,725,"plasma",240.90000000003,"plasma",300
"1209",330,"NODE_0000333","642","643","0.34834",310.249999999967,"C558T",558,725,"CD3",182.5,"plasma",330
"1217",330,"NODE_0000406","697","702","0.02527",302.949999999973,"A516G",516,725,"CD14",295.64999999998,"plasma",330
"1221",360,"358N01Bc_04","694","394","0.17115",357.700000000007,"G257A",257,725,"bone_marrow",295.64999999998,"CD3",360
"1227",360,"358N01Bc_13","595","267","0.24507",357.700000000007,"T951G",951,725,"bone_marrow",266.450000000007,"plasma",360
"1243",360,"358N01Bc_15","625","307","0.49291",357.700000000007,"G257A",257,725,"bone_marrow",178.850000000003,"CD3",360
"1249",360,"358N01Bc_16","577","239","0.484",357.700000000007,"A606G",606,725,"bone_marrow",182.5,"plasma",360
"1261",360,"358N01Kc_03","638","322","0.1743",357.700000000007,"G257A",257,725,"CD3",295.64999999998,"CD3",360
"1267",360,"358N01Kc_12","567","227","0.15909",357.700000000007,"A516G",516,725,"CD3",299.299999999977,"CD3",360
"1271",360,"358N01Kc_16","626","308","0.29247",357.700000000007,"C558T",558,725,"CD3",251.85000000002,"CD3",360
"1279",360,"358N01Kc_16","626","308","0.29247",357.700000000007,"A606G",606,725,"CD3",251.85000000002,"CD3",360
"1291",360,"358N01Kc_18","590","261","0.29282",357.700000000007,"C558T",558,725,"CD3",251.85000000002,"plasma",360
"1299",360,"358N01Kc_18","590","261","0.29282",357.700000000007,"G594A",594,725,"CD3",251.85000000002,"plasma",360
"1307",360,"358N01Kc_22","623","303","0.42261",357.700000000007,"A606G",606,725,"CD3",204.39999999998,"CD3",360
"1319",360,"358N01Kc_22","623","303","0.42261",357.700000000007,"C960T",960,725,"CD3",204.39999999998,"CD3",360
"1327",360,"358N01Kc_23","691","391","0.24847",357.700000000007,"A206G",206,725,"CD3",266.450000000007,"CD3",360
"1329",360,"358N01Oc_02","702","407","0.14864",357.700000000007,"A206G",206,725,"CD14",302.949999999973,"CD14",360
"1331",360,"358N01Oc_02","702","407","0.14864",357.700000000007,"A606G",606,725,"CD14",302.949999999973,"CD14",360
"1343",360,"358N01Oc_03","704","412","0.21947",357.700000000007,"G257A",257,725,"CD14",277.399999999997,"plasma",360
"1349",360,"358N01Oc_03","704","412","0.21947",357.700000000007,"G594A",594,725,"CD14",277.399999999997,"plasma",360
"1357",360,"358N01Oc_03","704","412","0.21947",357.700000000007,"-1220C",1220,725,"CD14",277.399999999997,"plasma",360
"1361",360,"358N01Oc_04","637","321","0.22989",357.700000000007,"G594A",594,725,"CD14",273.75,"CD3",360
"1369",360,"358N01Oc_07","593","265","0.36851",357.700000000007,"G594A",594,725,"CD14",222.649999999963,"plasma",360
"1377",360,"358N01Oc_10","703","408","0.12527",357.700000000007,"G594A",594,725,"CD14",310.249999999967,"CD14",360
"1385",360,"358N01Oc_17","694","395","0.17115",357.700000000007,"G594A",594,725,"CD14",295.64999999998,"CD3",360
"1393",360,"358N01Oc_17","694","395","0.17115",357.700000000007,"T951G",951,725,"CD14",295.64999999998,"CD3",360
"1409",360,"358N01Oc_18","705","414","0.14373",357.700000000007,"G257A",257,725,"CD14",306.59999999997,"plasma",360
"1415",360,"358N01Oc_19","597","270","0.17151",357.700000000007,"T951G",951,725,"CD14",295.64999999998,"plasma",360
"1431",360,"358N01Oc_20","595","268","0.24507",357.700000000007,"C960T",960,725,"CD14",266.450000000007,"plasma",360
"1439",360,"358N01Pc_03","596","269","0.23284",357.700000000007,"A516G",516,725,"plasma",273.75,"plasma",360
"1443",360,"358N01Pc_03","596","269","0.23284",357.700000000007,"C558T",558,725,"plasma",273.75,"plasma",360
"1451",360,"358N01Pc_05","704","413","0.21947",357.700000000007,"-1220C",1220,725,"plasma",277.399999999997,"plasma",360
"1455",360,"358N01Pc_10","634","316","0.48022",357.700000000007,"A606G",606,725,"plasma",182.5,"plasma",360
"1467",360,"358N01Pc_102","577","240","0.484",357.700000000007,"A516G",516,725,"plasma",182.5,"plasma",360
"1471",360,"358N01Pc_104","599","273","0.26643",357.700000000007,"A516G",516,725,"plasma",259.150000000013,"plasma",360
"1475",360,"358N01Pc_108","703","409","0.12527",357.700000000007,"G516A",516,725,"plasma",310.249999999967,"CD14",360
"1479",360,"358N01Pc_113","697","401","0.17391",357.700000000007,"C558T",558,725,"plasma",295.64999999998,"plasma",360
"1487",360,"358N01Pc_12","690","390","0.27789",357.700000000007,"C558T",558,725,"plasma",255.500000000017,"plasma",360
"1495",360,"358N01Pc_16","635","317","0.31901",357.700000000007,"C558T",558,725,"plasma",240.90000000003,"plasma",360
"1503",360,"358N01Pc_16","635","317","0.31901",357.700000000007,"C960T",960,725,"plasma",240.90000000003,"plasma",360
"1511",360,"358N01Pc_16","635","317","0.31901",357.700000000007,"G594A",594,725,"plasma",240.90000000003,"plasma",360
"1519",360,"NODE_0000232","567","568","0.15028",354.05000000001,"C558T",558,725,"bone_marrow",299.299999999977,"CD3",360
"1527",360,"NODE_0000260","590","591","0.25634",343.10000000002,"A606G",606,725,"plasma",251.85000000002,"plasma",360
"1539",360,"NODE_0000262","588","589","0.48829",350.400000000013,"A516G",516,725,"plasma",171.55000000001,"plasma",360
"1543",360,"NODE_0000274","600","601","0.11536",335.800000000027,"C1220-",1220,725,"plasma",295.64999999998,"plasma",360
"1547",360,"NODE_0000304","623","624","0.41379",354.05000000001,"T951G",951,725,"bone_marrow",204.39999999998,"CD3",360
"1563",360,"NODE_0000309","626","627","0.26566",346.750000000017,"G257A",257,725,"CD3",251.85000000002,"CD3",360
"1569",360,"NODE_0000309","626","627","0.26566",346.750000000017,"C960T",960,725,"CD3",251.85000000002,"CD3",360
"1577",360,"NODE_0000353","649","658","0.12322",343.10000000002,"A606G",606,725,"plasma",299.299999999977,"plasma",360
"1589",360,"NODE_0000390","691","692","0.23966",354.05000000001,"C1220A",1220,725,"CD3",266.450000000007,"CD3",360
"1593",360,"NODE_0000394","693","695","0.18947",354.05000000001,"G594A",594,725,"CD3",284.69999999999,"CD3",360
"1601",360,"NODE_0000401","697","698","0.11567",335.800000000027,"G594A",594,725,"plasma",295.64999999998,"plasma",360
"1609",390,"365N01Uc_01","474","43","0.51772",365,"G516A",516,725,"BAL",175.200000000007,"BAL",390
"1613",390,"365N01Uc_01","474","43","0.51772",365,"G257A",257,725,"BAL",175.200000000007,"BAL",390
"1619",390,"365N01Uc_02","471","39","0.67298",365,"C558T",558,725,"BAL",120.449999999973,"BAL",390
"1627",390,"365N01Uc_03","471","40","0.67298",365,"G516A",516,725,"BAL",120.449999999973,"BAL",390
"1631",390,"365N01Uc_03","471","40","0.67298",365,"A606G",606,725,"BAL",120.449999999973,"BAL",390
"1643",390,"365N01Uc_04","480","49","0.1783",365,"T951G",951,725,"BAL",299.299999999977,"BAL",390
"1659",390,"365N01Uc_08","480","50","0.1783",365,"G516A",516,725,"BAL",299.299999999977,"BAL",390
"1663",390,"365N01Uc_11","477","45","0.31015",365,"G257A",257,725,"BAL",251.85000000002,"BAL",390
"1669",390,"365N01Uc_11","477","45","0.31015",365,"G516A",516,725,"BAL",251.85000000002,"BAL",390
"1673",390,"365N01Uc_11","477","45","0.31015",365,"A606G",606,725,"BAL",251.85000000002,"BAL",390
"1685",390,"365N01Uc_12","472","41","0.59795",365,"G257A",257,725,"BAL",146.000000000033,"BAL",390
"1691",390,"365N01Uc_12","472","41","0.59795",365,"C1220A",1220,725,"BAL",146.000000000033,"BAL",390
"1695",390,"365N01Uc_13","470","37","0.50233",365,"G516A",516,725,"BAL",182.5,"BAL",390
"1699",390,"365N01Uc_15","476","44","0.38943",365,"G516A",516,725,"BAL",222.649999999963,"BAL",390
"1703",390,"365N01Uc_16","478","47","0.31714",365,"C558T",558,725,"BAL",248.200000000023,"BAL",390
"1711",390,"365N01Uc_17","477","46","0.31015",365,"G960C",960,725,"BAL",251.85000000002,"BAL",390
"1719",390,"365N01Uc_19","471","38","0.67298",365,"G594A",594,725,"BAL",120.449999999973,"BAL",390
"1727",420,"NODE_0000345","654","655","0.14694",408.79999999996,"C960T",960,725,"plasma",357.700000000007,"plasma",420
"1735",450,"NODE_0000346","655","656","0.10991",448.950000000007,"C558T",558,725,"plasma",408.79999999996,"plasma",450
"1743",450,"NODE_0000346","655","656","0.10991",448.950000000007,"A594G",594,725,"plasma",408.79999999996,"plasma",450
"1751",450,"NODE_0000346","655","656","0.10991",448.950000000007,"A606G",606,725,"plasma",408.79999999996,"plasma",450
"1763",450,"NODE_0000346","655","656","0.10991",448.950000000007,"G951T",951,725,"plasma",408.79999999996,"plasma",450
"1779",450,"NODE_0000355","659","660","0.01236",448.950000000007,"C558T",558,725,"plasma",445.30000000001,"plasma",450
"1787",450,"NODE_0000364","665","666","0.03192",434.35000000002,"G951T",951,725,"plasma",423.40000000003,"plasma",450
"1803",450,"NODE_0000364","665","666","0.03192",434.35000000002,"C960T",960,725,"plasma",423.40000000003,"plasma",450
"1811",450,"NODE_0000418","706","711","0.05064",445.30000000001,"G594A",594,725,"plasma",427.050000000027,"plasma",450
"1819",450,"NODE_0000436","719","722","0.0116",448.950000000007,"G257A",257,725,"plasma",445.30000000001,"plasma",450
"1825",450,"NODE_0000436","719","722","0.0116",448.950000000007,"A606G",606,725,"plasma",445.30000000001,"plasma",450
"1837",480,"463N01Kc_01","661","357","0.30549",463.549999999993,"G606A",606,725,"CD3",350.400000000013,"plasma",480
"1849",480,"463N01Pc_101","661","359","0.30549",463.549999999993,"G951T",951,725,"plasma",350.400000000013,"plasma",480
"1865",480,"463N01Pc_101","661","359","0.30549",463.549999999993,"C960T",960,725,"plasma",350.400000000013,"plasma",480
"1873",480,"463N01Pc_101","661","359","0.30549",463.549999999993,"-1220C",1220,725,"plasma",350.400000000013,"plasma",480
"1877",480,"463N01Pc_104","660","356","0.03778",463.549999999993,"G257A",257,725,"plasma",448.950000000007,"plasma",480
"1883",480,"463N01Pc_104","660","356","0.03778",463.549999999993,"G951T",951,725,"plasma",448.950000000007,"plasma",480
"1899",480,"463N01Pc_108","648","337","0.77954",463.549999999993,"A206G",206,725,"plasma",178.850000000003,"plasma",480
"1901",480,"463N01Pc_110","721","437","0.00531",463.549999999993,"T951G",951,725,"plasma",459.899999999997,"plasma",480
"1917",480,"463N01Pc_116","661","358","0.30549",463.549999999993,"G257A",257,725,"plasma",350.400000000013,"plasma",480
"1923",480,"463N01Pc_119","723","441","0.02568",463.549999999993,"A594G",594,725,"plasma",452.600000000003,"plasma",480
"1931",480,"463N01Pc_120","720","435","0.03716",463.549999999993,"A606G",606,725,"plasma",448.950000000007,"plasma",480
"1943",480,"463N01Pc_13","666","365","0.08192",463.549999999993,"A594G",594,725,"plasma",434.35000000002,"plasma",480
"1951",480,"463N01Pc_13","666","365","0.08192",463.549999999993,"G606A",606,725,"plasma",434.35000000002,"plasma",480
"1963",480,"463N01Uc_14","462","24","1.02291",463.549999999993,"A516G",516,725,"BAL",91.25,"BAL",480
"1967",480,"NODE_0000352","656","657","0.01506",456.25,"A206G",206,725,"plasma",448.950000000007,"plasma",480
"1969",480,"NODE_0000435","720","721","0.03184",459.899999999997,"A594G",594,725,"plasma",448.950000000007,"plasma",480
"1977",480,"NODE_0000439","722","723","0.01036",452.600000000003,"C558T",558,725,"plasma",448.950000000007,"plasma",480
"1985",510,"365N01Uc_06","479","48","0.60887",485.449999999973,"C558T",558,725,"BAL",262.80000000001,"BAL",510
"1993",510,"365N01Uc_06","479","48","0.60887",485.449999999973,"T951G",951,725,"BAL",262.80000000001,"BAL",510
"2009",510,"365N01Uc_06","479","48","0.60887",485.449999999973,"G960C",960,725,"BAL",262.80000000001,"BAL",510
